child in a pink dress is climbing up a set of stairs in an entry way .,6
climbers in a row are climbing the rock while the man in red watches and holds the line .,9
little boy at a lake watching a duck .,9
boy in a green shirt watches kayakers .,9
man and blond woman holding hands outdoors , man in background watches .,9
in blue shirt biting hand of girl in black striped jacket while another guy watches,7
person eats takeout while watching a small television .,2
boy takes a jump on his skateboard while another boy with a skateboard watches .,0
little boy skateboarder is doing a trick on his board while another young skateboarder watches .,6
crowd watching air balloons at night .,0
are watching hot air balloons in the park .,0
watching hot air balloons .,0
people and two horses watching a fire .,6
large brown dog is pushing a small Boston terrier with his face while anouther dog watches .,1
boy is jumping on an inflatable ring and a girl is watching him,9
helmeted men sit on yellow snowmobiles while another man stands behind watching .,1
brown and white dug jumping up to catch a Frisbee while an audience watches .,6
dog jumps to catch a Frisbee , while many people watch .,9
agile dog catches a Frisbee while a crowd of onlookers watches closely .,1
climber wearing a blue helmet and headlamp is attached to a rope on the rock face .,0
girl climbing down from the side of a bright blue truck while others watch .,7
man is helping a girl step down from a colorful truck whilst a woman and three children watch .,6
child practices hitting a baseball into a net , while two adult men watch .,0
woman with an umbrella is sitting at a station , with an Aquos commercial on the wall .,2
child is jumping into a pool while a man is watching the child,9
swimming person is watching a child jump into a pool with blue water .,7
couple of people sit outdoors at a table with an umbrella and talk .,1
people are sitting at an outside picnic bench with an umbrella .,0
sit and watch the fish moving in the pond,7
children watching fish in a pool .,7
woman drawing portrait while a man on a cellphone watches .,6
child is being swung by her arms while another child watches .,6
young child is swung by his or her hands while another child sits on grass watching .,9
blonde models pose with a man under an umbrella .,9
girl is doing a handstand on a trampoline while another girl watches,0
woman is watching the tide .,9
girls sparring with a red and blue bat while another girl watches .,9
kids with helmets playing with Nerf swords while one looks on drinking from a plastic cup .,0
young girls playing with rubber swords in a park while a chaperone watches .,6
white dog and a black dog running side by side on the grass while onlookers watch .,9
man wades in the water and watches a waterfall .,9
man jumping on his bmx with another bmxer watching .,6
mountain biker is jumping his bike over a rock as another cyclist stands on the trail watching .,1
man is aiming to shoot something while his dog watches .,9
young man is sitting at a table with a laptop and earphones .,9
young man with headphones looking at a Macintosh laptop computer .,2
sitting with headphones at a laptop .,9
girls on the shore watch people in a boat fish .,7
little girls in bathing suits sit on the shore of a lake , watching someone fishing from a boat .,0
lone woman sitting on an usual green bench with a cup in her hand,9
girl is hooked to bungee cords as the crowd behind her watches .,1
small girl is sitting in a harness , strapped to a tether , while others watch .,6
baby stands on the side of a couch and knocks over a lamp .,6
indoors , climbing on red couch arm , reaching for lamp .,7
girl in a teal dress on the arm of a chair reaching for a floor lamp .,7
men are watching something .,9
group of people sit watching an event behind a Tim hortons sign .,1
crowd is watching 2 shirtless men , one in yellow pants and one in black shorts perfom .,0
man in yellow pants and wearing no shirt is being watched by many people .,1
black and white dog is jumping up to catch a toy as another dog watches .,9
black and white dog leaps for a flying disc while another one watches .,1
child slides down a colorful slide while another child watches,9
boy sits in a toy car while drinking from his sippy cup .,1
toddler drinking from a cup in a toy car .,1
toddler in a red toy car drinks from a juice cup,1
boy sits in his toy car sipping from a cup .,9
child sits in a toy car and drinks from a sippy cup .,1
bird watches the waves crash over the rocks .,6
guitarist plays while people play with hula-hoops in the background .,9
guitarist sits playing before microphones , while a man and a boy dance and a woman stands by .,0
man in a white hat plays guitar on a stage .,1
man plays guitar on a stage while another woman smiles,1
man and his dog watch the sunset from a bench .,9
old man with sunglasses and a watch around kids,1
little boy plays with a water toy while others watch .,9
young boy splashes in a yellow wading poll while mom watches,6
skydiver safely lands while another watches from the ground .,2
dog chewing a blue rope while two men watch from behind .,0
woman sings in a club with a guitarist behind her .,0
woman sings into a microphone by a guy playing a guitar .,1
singing with a microphone next to a person playing guitar .,1
girl is playing an electric guitar in front of an amplifier .,7
girl plays her guitar on a dark stage .,9
woman is playing guitar onstage,9
woman playing guitar in red and blue light,0
player performs at a nightclub red guitar .,9
player on the white and blue team kicks a soccer ball toward his teammate while players on the red team watch .,0
soccer player dressed in blue and white is kicking the ball to his teammate while other teammates and opponents dressed in red watch .,0
man and woman sit on a car and watch the road .,9
young man holds up a hand written sign next to a woman with a multicolored umbrella .,1
and woman watching something near rocky ocean surf .,9
white dog is watching a black dog jump on a lawn next to a pile of large rocks .,1
white dog watching a black dog in the air .,9
black dog catches a tennis ball in his mouth while a white dog watches .,9
black dog is catching a ball , while the white one watches .,1
crowd is watching a dog climb up a staircase .,1
watch a German Shephard climb steps on an obstacle course .,7
jogger is being sheltered with an umbrella .,7
runner is being handed a water bottle from a woman in a teal jacket holding an umbrella .,9
woman assists a marathon runner by holding an umbrella over her and giving her water .,0
woman is holding a pink and brown umbrella for a lady running in a race wearing number 13406 .,7
a rainy day , a woman holds an umbrella above a runner and gives her water .,0
man in the red shirt tried to hang onto the rock while three others watched .,0
busy beach has people scattered on it watching the sky .,9
watch something in the sky .,9
woman sings into a microphone with a guitar player in the background .,1
young woman stands singing at a microphone while a man behind her holds a guitar .,1
are gathered around watching children with a pig .,6
children pet a pig while a crowd watches .,2
children fall headfirst into a colorful ball pit while a third child watches .,6
girl in pink is watching the boy catch a fish from the river .,7
women watching people in white shirts , one of those persons holding a sword .,9
person is watching two puppies playing .,1
men in black bulletproof vests watch something taking place to the right of the picture .,0
men in bullet proof vests watch over a crowd by some white tents .,7
guy outside playing a guitar and smoking a cigarette .,0
man with an electric guitar smokes a cigarette sitting outside .,0
scruffy looking man smoking while sitting on the sidewalk and holding a guitar next to a bike of some sort .,2
young man is smoking a cigarette while holding a maroon guitar .,9
playing an electric guitar on a sidewalk and smoking a cigarette .,2
dog in midair catching a ring , while another dog watches .,1
child in period costume looking at a table with a bowl , cup , and a basket of apples .,9
group of boys play flag football while some bystanders watch .,2
boys in team uniforms are outside playing sports while people watch .,0
group of girls and boys practice together on a school stage while a few adults and children watch on .,6
boy holding a hose next to a man while another boy watches on , held by a woman .,9
child is playing with a water spout outdoors while the rest of his family watches .,9
man in an orange shirt is helping a boy squirt water from a hose into a pond whilst a woman and boy watch .,0
child plays a red toy guitar and sings into multicolored plastic microphone .,1
little boy is playing with a toy guitar and microphone .,1
little boy plays a toy guitar while singing into a toy microphone .,1
little boy with toy microphone and guitar pretends to play music .,1
child has a small red guitar and toy microphone .,1
airborne kid is watched by his launcher and others .,7
group of people gathered at night watching an event .,2
people are gathered and watching an event .,9
man and a boy play music as little girls watch .,1
man is playing a guitar with a child playing a harmonica while three young girls watch .,9
children watch a man onstage playing guitar .,6
little girls watch a band .,9
baseball is recoiling from an action taken on a treated field watched by others .,0
boy is being watched as he leaps up in the air on a trampoline .,1
guy standing is watching another guy in midair .,1
shirtless teenager bounces on a trampoline as other children watch .,9
person with gray hair wears a red hat and watches it snow .,9
boy is diving into the pool as the couple watch .,1
boy jumps into a pool while lifeguards watch .,7
young children , one wearing a red striped shirt , are looking in through the window while an adult in a pink shirt watches from behind .,0
men are watching others on a beach shore .,6
construction worker in a red shirt watching another construction worker with a hammer fix something .,0
blue rally car pulls away from the spectators watching from the side of the track .,0
race car zooms while onlookers watch .,1
racing car goes through a dirt course while fans watch .,6
boy does a cannonball into a pool while a girl watches .,0
boy jumping off of a diving board while a girl watches .,6
boy jumps into a pool while a girl watches .,0
large , dark colored dog is doing a climbing stunt outdoors , while a man watches .,9
boy standing and watching a group of people on a basketball court .,9
boy watches his classmates play in a courtyard , looking from above .,1
little boy is standing above a structure and watching the other boys play a game .,2
brown dog is resting its paws on a laptop keyboard .,2
dog sits with its paws on a laptop computer .,2
dog with a red bandanna has its paws on a laptop 's keyboard and is looking up .,0
boy runs in a race while onlookers watch .,1
dirt biker pushes his motorcycle up a rock while another rider watches .,1
man in red on a dirt bike struggles up a rock while another man in red watches .,0
boy watches another person falling in the snow .,1
playing soccer on a field while parents watch .,1
woman is climbing a volleyball net on a beach as two others watch .,1
girl in a blue jacket stands in front of a drab crowd while they watch something .,1
boy is sitting on a brightly colored chair next to a child 's book playing a guitar .,6
toddler is sitting on a red checked chair whilst playing a guitar .,1
young child is sitting in a colorful chair with a guitar in his hands and a book sitting next to him .,6
young child playing guitar on the chair,9
barefoot boy playing a guitar setting in a large muti colored chair with a picture of three pigs beside him .,6
little girl takes a picture while mom watches in boredom .,2
girl in the pink sweater is playing with a camera whilst being watched by the woman on the couch,9
little Jewish boy is watching an old man playing the violin in a park .,6
old man playing a violin at a park as a young boy watches .,9
old man playing the violin is being watched by a child .,9
boy watching an old man play violin in the park .,9
dog watches a tennis ball on the beach .,6
man watching two dogs in the water .,6
dogs are running in the water while a man watches from the dock .,9
dogs wade through shallow water while a man watches from a dock .,6
teenager blows a whistle and wears white face paint , ear muffs , and a yellow hat while another teen watches .,0
man in jeans reclines while another watches .,9
little boy is watching a palace guard stand outside a little black hut .,7
young boy stands and watches a British guardsman .,1
man plays his guitar on the street .,1
man sits on a box and plays a guitar in the street .,9
lady watches the man without a shirt .,1
crowded stadium is full of people watching an event .,2
stadium full of people watch a game .,0
dog bounding across the sandy landscape in front of people watching .,1
children jumping while an older man watches from a row of chairs nearby .,1
young children jump while an older man watches from his seat .,0
group of foreign people stand with umbrellas on the side of the street .,9
group of people with clear umbrellas standing on the street .,9
trying to stay dry with umbrellas in the city .,9
walk in the rain with umbrellas .,9
people are walking on a rainy busy street in Asia with clear umbrellas .,2
woman watching herself on a big screen while she is playing a boxing video game .,0
man with a baseball cap on backwards is holding a cup,2
boy holds a basketball during a game , while others watch .,1
older child watching a toddler play with a long spring inside a house .,1
young child plays with a slinky in the family room while an older sibling watches .,9
kids watched as the soda bottle launched into the air .,1
basketball players watching the ball .,7
man watches a small child in pink .,9
skating while people watch on the side .,1
boys race on ice skates while others watch .,6
person rolls down a hill riding a wagon as another watches .,6
standing brown dog watches another dog lay in the grass,9
small dog in a harness jumps over a snow covered log while another dog watches .,0
boys watch a third boy kicking some snow .,2
woman in black holding a cup of ice cream .,1
woman is dressed in black and holding a cup .,9
women are operating a laptop connected to a camera in a parking lot with a third person standing by .,0
little girl playing the guitar , some flowers to the left .,9
little girl sitting on a bed playing a guitar .,9
young girl in a pink room tries to play a black electric guitar .,1
young girl plays guitar by pink walls .,6
young girl plays the electric guitar on her bed .,0
dog leaps high in the air while another watches .,1
crowd of people watch as a Remax hot air balloon gets ready to take off .,0
large white dog watching a little black dog run in the snow .,9
tall white dog sits and watches a small black dog run around him in the snow .,7
tan dog jumps across some water while another dog watches .,7
little boy is watching another little boy ride on a blue slide .,0
three children are holding umbrellas and watching the ceremony in the rain .,9
children with colorful umbrellas stand in the rain .,9
girls holding umbrellas with their backs to the camera .,9
girls stand under umbrellas before a stage .,6
girls take cover under their umbrellas .,9
girl using a laptop , another girl , and a boy looking at his cellphone .,0
coach for a game listens to his headphones and watches the game .,1
football coach watches a play being made .,1
coach speaking to a football player while everyone watches .,1
football players playing a game while fans watch from the bleachers .,9
American footballers in red are confronted by an opposition player in purple and white whilst being watched by spectators in a stadium .,0
football player runs along the sidelines with a football as a crowd watches .,9
football players are running on the field while a large crowd is watching,9
football players turn as a crowd wearing red watches .,9
crowd of people watching a football game with a player wearing red and cheerleaders also wearing red .,9
football player is kicking the ball while the opposing fans watch .,0
man punting a football as fans from the opposing team watch in the background,0
man in a baseball hat and sunglasses watching an event in a crowd .,6
man in a blue hat is watching something that is happening off camera .,9
crowd is watching a football game .,9
large group of football players about to start a game with a large group watching,9
player has the football as a crowd in red and white watches,9
two players , on opposite teams , are in the middle of a football game , while others watch .,0
play football as a crowd watches .,1
blonde girls wear sports jerseys while watching a game together .,6
girls sit near a wall and watch a sporting event .,9
fan checks his cellphone while watching a football game .,9
man in a red shirt is watching a football game .,9
Oklahoma football player watches the game from the sidelines .,9
man in a green shirt is kissing a crying toddler whilst watching runners in a road race .,1
small dog jumps by a car to reach a lady 's face while another dog watches .,7
little boy in a black shirt is holding a red guitar .,9
little boy is playing a miniature guitar and making a face .,1
little boy rocks out with his small guitar .,9
toddler plays the guitar and pretends to be a rock star .,9
young boy is playing a red guitar .,9
children in the bathtub with an umbrella .,1
children with a yellow and blue umbrella play in the bathtub .,1
kids are taking a bath with an umbrella .,2
little kids are in a bathtub with a yellow and blue umbrella .,1
young children under a blue and yellow umbrella .,6
watching a play .,9
child in an orange shirt holding a baseball bat watches the ball thrown at him .,6
man sits at a table outdoors and watches people .,9
large crowd of people are sitting watching a dog jump high up to catch a Frisbee with a man standing under the dog looking up at it .,0
white dog in a blue leaps over a man in a blue outfit with yellow stars in order to catch a Frisbee whilst people stand by and watch .,0
child holds a soccer ball above their head while a group of seated people watch .,2
child holds a soccer ball while people watch .,1
young girls sparring in white martial arts outfits while a third person watches from the side .,0
girl dancing with four boys watching .,7
little boy is watching a merry-go-round .,9
little boy watches a Ferris Wheel in motion .,1
throwing stick and dog watching,9
man dressed in a purple shirt and red bandanna smiles at the people watching him .,0
man is throwing a log into a waterway while two dogs watch .,0
dog , jumping over a trace obstacle , a woman watching in the back .,7
young boy slides down a blue slide with his eyes closed while a woman with sunglasses watches , smiling .,6
young male child slides down a blue slide while his mom watches .,7
man watches eagerly as his black dog leaps into the water .,1
blue car going down a dirt road , as onlookers watch .,6
older lady holds a toddler while another boy watches .,2
race car moves down the road as two people watch from a distance .,9
race car , numbered 104 is rounding a bend as two people watch and take pictures .,7
and silver car going around curve being watched by people standing in grass,9
and blue car marked 104 raises dust on road as two background people watch .,9
black and white race car is going fast around the track while fans watch nearby .,0
yellow race car sliding through a corner as spectators watch .,6
watching white and blue race car passing by .,9
race car drives on a track while several people watch from behind rope .,0
race car screeches through a turn as spectators watch .,9
sponsored race car is spinning its tires on a track while being watched by spectators .,0
watch a white stock car that has smoke coming out of the back .,0
woman stands holding an orange cup in front of a crowd .,1
young girls making upside down cupcake shapes in the sand .,2
black dog runs in a grassy yard while a woman dressed in green watches from in fton of a tan house .,2
man is watching his dog in his yard .,9
young girls wearing bonnets standing by a tree watching a snake nearby .,6
girl is jumping in the air while holding an orange and white guitar .,9
girl with a guitar .,0
young barefooted girl leaps in the air while playing a toy guitar .,1
young girl jumping with a Guitar Hero guitar,9
young girl jumps while playing a red and white guitar .,0
jumps over owner to catch smilely faced Frisbee , while spectators in the park watch,7
people are standing and sitting on a grassy field watching a dog jump over a man to catch an orange Frisbee .,9
crowd watches from the background as a young male sits atop a round shaped water fountain .,9
leaning on railing with lampost behind him,6
men are watching something through a fence .,9
man removes a boy from a ball pit while two other children and another man watch .,6
men are watching three children playing in a ball pit full of colored balls .,6
black man drinking out of a paper cup .,1
black man wearing a white suit and hat is holding a paper cup .,1
man wearing a hat leans against a bench and holds a cup .,9
brown dog is standing in the water watching the waves of the ocean on a sunny day .,2
group of boys is watching another boy walk away .,7
girl rides a swing while another girl watches .,0
little girl with a yellow shirt swings while a little girl in green watches .,0
watching something happen .,9
woman dressed in black is striding outside on a grassy lawn with a leashed black and white dog while people in the background watch .,0
crowd of people are standing behind a railing watching something in the distance .,9
others watch , a young girl jumps into a pool as a woman reaches for her .,9
child with a yellow cup and milk all over his face .,9
little boy spilled his milk from the green cup .,9
laughing child with blond hair sitting at a table holding a green sippy cup .,6
boy leaping on to a slip and slide with his friends watching in the background .,6
boy kicks a giant baseball while a group of children watch .,6
green shirted man sits among the many unoccupied red seats .,2
with SANTANA 57 shirt sits in sparsely occupied seating area .,6
boy at bat playing a baseball game falls to the ground while onlookers watch .,6
close-up shot of a long haired man playing a red electric guitar .,1
man rocks out onstage with his guitar .,9
man with long blonde hair playing a red guitar,9
with long blond hair playing red electric guitar .,9
with blonde flyaway hair playing guitar,9
father pushes his daughters go-kart while another girl watches,6
man in a yellow coat tends a fire , a boy in a parka watches .,1
person cooking on a fire while a small child watches .,2
person holds a frying pan over an open fire as a child watches .,1
man in the yellow jacket is cooking over an open fire as the little boy watches .,2
kids , one holding a closed umbrella , run around on a sidewalk next to a river .,0
gray-haired , shoeless woman is sitting on a blanket under a lavendar umbrella on the side of a street .,0
man leaning against a wall with an umbrella .,9
man is sitting outside on the street under a purple umbrella .,9
person is sitting on a Winnie the pooh sheet and holding a purple umbrella .,9
girl in yellow is laughing at the girl wearing orange whilst being watched by the girl in blue .,0
group of people are laying in the grass under an umbrella .,0
group of picnickers sit under an umbrella .,1
group of young adult women in bikinis sit in a field of wild grass and flowers , some under a striped umbrella .,9
dog jumps in the air to catch a Frisbee , while many people watch .,1
and dog do Frisbee tricks as crowd watches in baseball stadium .,6
male wearing a blue shirt is holding a cup in hand while staring at the camera .,1
man with a Mohawk is holding a cup .,1
black and white dog leaping through the air as two people watch in the background .,6
small white and black dog is running through a blue netted course while people watch .,6
children watch as a dog runs through a blue fenced course towards a person holding a scanner and microphone .,1
Asian girl wearing a very colorful dress is carrying a plastic cup .,9
woman in a multi-colored dress is holding a plastic cup while gesturing with the other hand .,9
group of bulls are running down a street as people run and others watch .,9
of people watch as people partake in the bull-run .,1
performing while two men watch .,6
woman is wearing a white t-shirt and holding a cup .,2
man in a white shirt is climbing a wall while another man watches,9
man with a bandage on his finger is rock climbing as others watch .,1
group of women pose for a picture as a man plays guitar behind them .,7
woman and child with an umbrella walk through the street in the pouring rain .,9
woman in a colorful sari walks with a small boy who is carrying an umbrella through a busy city in the pouring rain .,9
woman in a sari next to a boy holding a red umbrella in a rainy street,2
dog stands on its hind legs in a wooded area while another dog watches .,0
girl with blond hair offers a dimpled smile from under her black umbrella .,9
lady posing while holding an umbrella .,2
young blonde woman in black smiles under her black umbrella .,0
woman with a black shirt is holding a black umbrella over her head .,9
blonde haired woman is holding a black umbrella .,9
girl wearing a yellow dress is playing in water while others are watching .,6
baby dressed in blue , with a watch .,9
baby wearing a watch .,9
baby with a wristwatch is curious about something,0
child in a blue shirt is wearing a wristwatch .,9
young child in a blue outfit plays with a watch he is wearing .,9
young man stands against a tree drinking from a cup .,1
cyclist is performing a jump whilst other cyclists stand by and watch .,1
on a bike is performing an aerial trick while other bikers watch .,1
boy runs along a beach while a group of young girls watch .,9
blonde girl is watching the boy run barefoot on the ground .,6
person holds a very small umbrella .,1
man uses two sticks to control two tan goats in a pen while a black and white dog watches .,0
carrying injured man as spectators watch from behind fence .,9
male watches a young female playing soccer .,1
boy jumps off a platform whilst two other boys stand and watch .,1
boy jumps into water while another watches .,9
woman with two children , a cake , and a laptop .,6
brown dogs run along a gravel road while another dog watches .,9
standing in a line with family watching in the background,1
man on a bike executes a jump as part of a competition while the crowd watches .,9
man rides a yellow bike over a ramp while others watch .,1
boy tries to keep his balance while standing on two floating devices while two others watch .,0
man in a robe leaning against a trashcan and watching pedestrians .,9
wearing a flowered robe holding a cup of coffee leaning on trashcan,1
man in a white t-shirt watching a dog do a back flip,2
in red shirt watches dog on an agility course .,9
young boy standing on a street watching the traffic,1
little girl in the red skirt and striped shirt is watching the line of traffic from the side of the road .,0
standing on a beach , one under a green umbrella,9
man runs with his dog as people watch from nearby tents .,1
guy with a football , a crowd watching him .,9
watch as a dog scales a wooden wall in a grass field .,9
dog jumps to catch a Frisbee as a man watches .,9
boat goes out to see while someone watches on the beach .,0
orange boat leaves the shore while a person watches nearby .,1
orange lifeboat speeds away from its mobile launcher whilst a man in red watches it sail away .,0
old man sitting down watching something .,9
blonde women stand next to a man with a black Nike cap and shirt with a cup of beer in his hand .,0
people stand elbow deep in the ocean , watching the sunset .,6
small dog watches two big dogs playing rough in a field .,6
man climber a large rock without any gear while his friends watch,1
person climbing a rock while others are standing around and watching .,9
person hangs off a large rock as other people watch .,9
dangling from rock as spectators watch,9
blonde woman holds an umbrella over a race car driver .,1
man is sitting in a race car near a woman with an umbrella .,9
woman holding an umbrella over a person in a race car .,9
holding umbrella over race car driver .,9
man in a brown jacket and beige cap is drinking from a Styrofoam cup .,1
man in a jacket and cap is crouching down and drinking from a cup .,1
man wearing a coat is leaned against wall drinking from a white cup .,1
black and white dog jumps over a red and white pole while a boy in a green shirt watches .,7
man in a white shirt is standing in a tent holding a banjo or guitar .,9
man is standing under a tent playing a guitar .,9
man wearing sunglasses stands in front of band equipment holding a guitar .,0
football players are tackling a third while a referee watches .,6
dog jumping to catch a Frisbee while people watch,9
crowd watches as two formula one cars leave the starting line .,6
crowd watches the start of a drag race at twilight .,1
group of people watch a drag race at the beginning and see the fire from the cars .,0
large dogs greet other while their owners watch .,6
performing jump while onlookers watch .,6
athlete perfomed a trick as the large crown watched .,6
black person in black and red is sleeping on a bench with an open black umbrella .,0
man is sitting on a bench shading himself with an umbrella .,9
man sitting up taking a nap on a park bench with an open umbrella protecting him from the sun .,9
on bench sleeping under umbrella for shade,9
person in red and black is laying on a bench under a black umbrella .,9
toddler rides a plastic vehicle while another watches in the background .,1
is one small monkey jumping while another monkey watches .,0
tawny cat is playing with a basket while a black dog watches .,9
dog swims in a pool while another watches .,0
dog swims in the pool while another dog watches from the deck .,6
is a group of firemen watching a huge fire in some buildings in the distance .,6
skateboarder flies thorugh the air while others watch .,1
holder and kicker for a football team dressed in orange , white and black play while onlookers behind them watch .,9
young men on the same football team are wearing orange and white uniforms and playing on an outside field while coaches and other players watch .,0
man looks confused as he stands in front of a blue and white umbrella .,1
young man in a blue shirt sits in front of a group of blue and white umbrellas .,9
little boy drinks water from a fountain while another little boy watches and makes a face .,1
older boy drinks from a water fountain while a younger boy watches .,1
young woman in a sunny meadow watches her yellow scarf blow in the wind .,1
Asian woman holding a fan watches traffic go by .,9
man in the air on a BMX bicycle , with 4 people sitting watching him in front of an EASTPAK banner .,9
teens watching a basketball in the air .,9
group of people watching a large explosion .,9
group of people wearing orange vests watch a large fire near a helicopter .,9
dressed in hi viz jackets are watching a helicopter fly past an explosion .,0
crowd is watching the fiery explosion .,1
referee is watching a professional football game in the grass .,0
little boy is playing with a water squirting toy in the swimming pool as others around him watch .,9
are playing in a swimming pool while two adult men watch them .,6
Middle Eastern man is standing with his back against a lamp post near to other people who are waiting around .,0
people watching a performance,6
downhill skateboarders round a curve while others watch .,9
in white is performing a skateboard trick at night while a kneeling person watches .,9
dog jumps over a fence , while two other dogs watch .,6
player tackles a player who has the ball , as a third player watches .,0
young males watch another male skateboarding at a skate park .,2
boy holding a ball falls down in front of another boy who has his arms reaching out while an older man in a green shirt smiles and watches .,0
playing ball on grass while man in green shirt watches,0
adolescents play football in a residential yard while an older man watches .,7
men jump up for the ball in a sporting event as a crowd watches .,6
silver car being driven in a parking lot , while crowds watch .,9
men are playing soccer while people in the stands watch .,1
boy running in a park filled with pigeons , watched by his father in the background .,0
child runs among pigeons , while a man carrying bags watches .,2
men fighting for control of a soccer ball as fans watch,7
man and a boy watch a dog leap to catch a ball .,2
man and a small boy watch their small , white dog catch a toy in the air .,9
white dog with spot on back leaping in air with football in mouth with small boy and man watching .,7
boys fighting in a dirt paved parking lot with another boy watching .,2
man in a red shirt is falling , while another man in a blue shirt watches during a soccer game .,0
man playing guitar sings into a microphone .,1
man plays guitar and sings into a microphone .,1
older man is playing a guitar and singing into a microphone .,1
child in an orange shirt jumps off bales of hay while other children watch .,9
kid jumps off a haystack while other kids watch .,7
boy in the orange t-shirt is leaping of a pile of hay bales as other children stand and watch .,0
dog jumps through a hoop while the crowd watches .,9
Shephard jumping through black hoop while people watch,9
player in a red uniform gets ready to kick the ball during a soccer match , as the crowd watches .,1
man plays a song on the guitar for his cat .,9
man plays a yellow guitar while a cat watches him .,6
man plays his yellow guitar while staring at his cat .,1
man , sitting by his computer , playing guitar to his cat .,0
man is playing guitar and sitting with a cat .,9
man in a cast uses a camcorder while another man watches him .,2
man makes a video while another watches .,1
man wearing an Obama t-shirt and holding a coffee cup .,2
is a man holding a cup and wearing an Obama t-shirt .,2
girl in a swimming pool playing badminton while a lady watches .,2
woman sits and watches another woman play in the pool .,0
man is bungee jumping from a platform whilst being watched by someone above him .,1
person bungee jumping with the coordinator watching from above .,9
are watching the wrestler fall .,0
person in a red hat stand watches the onrushing waves .,9
whales are jumping in the air while people watch .,1
person is riding their motorbike and a person in a bright yellow jacket is watching someone fall off their bike .,0
people play soccer while three people watch .,9
man is jumping off a rock into a pool of water while three others watch .,9
brown dog watches as the black dog jumps in the grass .,9
classroom of students watching a presentation .,9
conference is being held that involves laptops and big screen presentations .,0
group of people are at a conference watching a slideshow .,0
crowd stands in the background watching someone sliding down a ramp on a board .,6
crowd watching a snowboarder .,9
man sliding on a concrete bench on his snowboard as people watch,9
is standing on his board while the crowd watches him .,1
man in a blue jersey is kicking a ball while another man watches .,0
man in a number ten jersey kicks a soccer ball while another team member watches .,1
ten is kicking the ball as number seven watches .,0
hockey player skates forward with the puck as an opponent watches from nearby on the ice rink .,6
ice hockey player is shooting the puck as an opposing player watches .,6
doing a trick on a skateboard in a skate park while people watch .,9
skateboarder is doing a trick at the top of a ramp while another person watches .,6
teenage boy does a skateboard trick on a half pipe while another boy watches from the top .,1
man does a motorcycle trick on a racetrack while many people watch .,6
man does a wheelie on a motorcycle while a crowd watches .,6
man is pulling a wheelie on a motorcycle whilst being watched by a group of people .,9
players leap for the ball while the crowd watches .,2
watching four dogs play on the beach,9
man in a white shirt and tie sings into a microphone while a woman wearing a white shirt and tie plays the guitar at a concert .,0
singer and guitarist performing .,9
singer in a white button-down shirt is performing while a girl plays the guitar in the back .,0
singer singing on stange with a guitar player in the background .,1
man with short hair has a microphone in his hand and the other man is playing guitar .,9
woman holding a red cup with a straw in it sits in front of a man and a woman looking at a book .,0
bearded man and a woman in a dress holding a cup .,9
man stands beside a woman holding a red cup with a straw .,1
man puts his arm around a girl holding a blue cup .,1
woman holding a blue cup and a man with facial hair pose close to one another .,1
climber hangs from a rock face while another watches .,1
free climber is hanging from a rock whilst being watched by a man in a green t-shirt .,2
are watching as a blue car is hanging over a bridge that crosses a river .,9
men wearing ethnic hats are watching the photographer in an outdoor market .,1
group of young men watching something .,9
people are outside watching ice skaters .,1
girl in a dress is jumping in the air with legs bent while another girl in pink watches .,0
girl jumps into the air while another girl watches .,0
group of multi-cultural kids are excited by what they are watching .,1
yellow car spins its rear wheel while a man in the backseat watches .,6
skateboarder jumps while spectators watch .,7
watching a skateboarding competition , while a person skateboards .,2
woman stands and watches incense burn with the smoke billowing .,6
man watches two small boys playing in a naturally formed rock .,6
one ball player watches helplessly , another jumps and shoots the ball toward the basket .,1
man in black clothes is watching a child making a splash in a pool .,9
man is playing a guitar for a little girl in a hospital .,9
man is playing the guitar for a child in a hospital bed,9
man plays a guitar for a sick child in a hospital,9
man plays guitar for a girl in the hospital .,7
man with a guitar playing to an ill little girl in a hospital bed .,1
person wearing an orange shirt has her hand in the air as others watch .,9
women one of which is holding a paper cup posing in front of a Christmas tree .,1
crowd is watching a performance in a dark venue , and one man is taking a photo .,2
man in an elf hat holding a white umbrella is standing on the sidewalk with two other men .,1
man in a pointed red hat holds a white umbrella .,1
man is wearing a Santa hat and holding a white umbrella while two men with orangish red boas look on in amusement .,0
bunch of people are watching ice skaters .,1
play in the snow while parents watch,9
people are watching others ice skate on a snowy day .,2
child playing in a pile of snow on a street while an adult watches .,1
smiling women , one with a shoulder bag , one with a blue cup and one using sign language are posing for a picture .,0
man sets off a large sparkler while the crown watches on .,6
man with a firecracker with a crowd of people behind him watching .,0
man in a black hoodie watching a man in a red cap .,9
man wearing a red hat looks down as another man watches .,0
group of children play together in a fenced yard as an adult watches .,6
man holding a cup rides down an elevator .,0
man on an escalator carrying a red and white cup looking up .,1
with cup looking up while riding on an escalator,1
snowboarder takes a ramp made of snow while others watch .,6
are watching a skier perform a trick in the air .,1
are several people watching a person in the air with skies surrounded by mountains and snow .,0
young men are juggling multi-colored blocks with people watching .,9
woman with a yellow jacket and matching hat watching as people walk by her .,6
lady is drinking something while the other is preoccupied .,2
wrestlers jump in a ring while an official watches .,6
basketball player jumps up with the ball as two others watch .,1
girl touches the side of a young man 's head , while another young man watches .,0
in brown shirt and beard is being watched by a group of people on the street .,9
woman playing an acoustic guitar with a microphone,1
woman singing and playing the acoustic guitar onstage .,1
woman sings into a microphone while playing guitar .,1
young brown haired woman plays her guitar and sings into a microphone .,1
young woman plays guitar and sings on a stage .,9
woman watches a man recieving a gift .,9
man is wearing a red shirt and red flannel handkerchief while watching a flag burn .,2
bride being escorted under an umbrella to a large black car,1
bride takes cover under an umbrella .,1
newly wed wife is under an umbrella held by a pastor .,7
older newly wed couple stand under an umbrella in the rain .,1
men are wrestling while other people are watching,9
teenagers watch a screen near some Mini Coopers .,7
people watch TV from over a white ledge .,6
young girls posing for a picture in an outdoor amphitheater , surrounded by adults watching a conference .,7
referee watches two basketball players playing basketball .,6
very fat sumo wrestler wrestles with a thinner wrestler while an umpire dressed in green watches .,0
sumo wrestlers fight in the ring as people watch .,6
group of people are watching fireworks outside .,0
group of people gathered to watch fireworks .,9
small crowd stands watching a fireworks display .,1
watch as something lights up the sky .,7
men playing professional soccer while many people in the stands watching,1
skateboarder does a trick off a brown ramp while three other people watch .,7
skateboarder does a trick in the air , another watches and so does a crowd .,6
skateboarder is watching another skateboarder perform a jumping stunt .,1
skateboarder is jumping his board in the air while another skateboarder watches .,6
boy skateboarding on a rail and three boys watching .,2
grinding skateboard down a railing while other teenagers watch .,1
crowd of people are standing on a snow covered hill watching the sun go down .,0
man is a black ninja suit with a mask is playing a guitar .,9
man wearing a black ski mask is playing a guitar .,9
man wearing a ninja suit plays the guitar,9
man with a ski mask , dressed all in black , plays guitar .,9
person in a black ninja costume playing a guitar .,9
smiling woman watches as four dogs run on a hill .,9
children on bikes riding on a desolate street near water and a streetlamp .,9
dog jumps in the air for a Frisbee disk as the owner watches,9
child sleds over a mound of snow as others watch him .,6
police officer leans against his motorcycle and watches the streets .,6
people on cots watching the water at twilight .,9
person sits on a red bench to eat while another watches .,9
boy is wielding a long white stick whilst some people are watching him from behind .,7
young boy swings a large stick as a crowd watches .,0
man with a microphone watches two children practicing sum wrestling .,6
young girls sumo wrestle while others watch .,6
girl in a costume is performing a dance as other girls in costumes watch .,9
crowd watches the musher 's dog sled .,0
waving flags watch a game .,6
man jumps up towards the basketball hoop as others watch .,1
man in an orange shirt is walking over fire while a crowd watches .,9
group of people watching a boy getting interviewed by a man .,2
man on fire with two men watching .,6
man break dances as a crowd watches .,2
man stands on one hand in the street while a crowd watches .,1
men are standing in the street behind a table that has a laptop and a TV monitor on it .,9
women are watching a monitor screen outside in a city street .,9
women , a TV with antenna before them , one is watching the other is looking down .,0
are watching an outside presentation .,9
break dancer spins on his head outside as onlookers watch the performance .,2
are dancing on a checkered platform while people are watching,1
people are watching street performers dancing .,1
men are performing on a sidewalk as a crowd watches,2
man kneels on the sidewalk as a crowd watches .,1
people are watching two men performing in a busy street .,1
green shirted males perform on the square as people watch .,7
crowd in a European square watching a green shirted man .,7
man wearing a blue hardhat with a lamp is standing in a crevice of a cave .,1
man with a blue hat with a headlamp on it is standing in a cave .,1
dark haired man standing up singing and a man in a brown hat sitting playing guitar .,1
man sings as another is playing guitar .,1
and guitarist performing .,9
man sang a song while another man played guitar .,2
person rides a bike high in the air as a crowd watches .,1
man is playing the acoustic guitar while the other men make gestures,9
men gesture at each other , while a third plays guitar .,2
dogs run in the grass as a third dog watches from behind them .,2
large dogs running while a third watches .,2
is a man with a blue shirt on and man with a gray coat on holding cups .,9
watch as a man on a skateboard attempts a trick off a table sitting on stairs .,9
watch as a man does skateboard tricks down a table on the steps .,0
man in blue has the basketball while the man on the left watches and the man on the right tries to stop him .,0
man is playing a guitar next to another man who is sitting behind a green cart wearing a mask .,6
man plays a guitar while another man sits next to him wearing a mask .,9
the street a man sits and plays the drums while a man standing beside him plays the guitar .,9
guys are on the side of the street playing a guitar and drums .,1
men next to a building playing a guitar and drums .,9
does tricks in front of crowd while photographer watches,6
dogs play in a large fenced-in area , while two men watch from a distance .,6
wearing tutus sing and play guitars onstage .,2
in white standing on sports field while crowd watches from stands,0
baseball players are on the field while a large crowd is watching,9
man is holding a treat up in the air and a dog is in midair trying to grab it while another dog watches .,1
drummer is sitting behind a drum kit near to someone playing a guitar .,9
people are in silhouette whilst watching the sunset .,1
people watch the sunset .,9
man on a jet ski is watching a surfer ride the waves .,6
people sit on a dock next to each other watching the sunset .,6
crowd of people watching a snowboarder do tricks .,9
crowd watching a skateboarder .,9
watch as a snowboarder does a trick .,6
bull runs in an arena while people watch .,9
man dressed in purple playing guitar,9
man in a purple suit is standing by a purple case playing a guitar .,6
man in purple plays a guitar for money .,7
man is standing on the street playing a guitar .,1
man plays his guitar with the case open for donations .,7
ladies are taking pictures and one is watching .,6
older females taking pictures with their camera while another older female watches .,6
group of silk clad performers dance in the street as a sparse crowd watches .,9
cow jumping a fence in the snow as a dog barks and another cow watches .,0
well-groomed young man wearing dark trousers and a military-style jacket takes a puff from a cigarette in his left hand while holding a cup in his right hand .,0
guy is watching another guy jump in the air while snowboarding .,1
person in orange pants is doing tricks on a snowboard while a person in a yellow cap watches .,9
person sits on a snowbank watching a snowboarder take a high leap .,6
person watches as a snowboarder does a fancy trick in the air,6
guitarists dressed in white perform .,1
guitar players dressed in white,1
men in white suits play the guitar on a stage .,1
men wearing all white kneel on the floor , palying guitar .,2
men wearing white suits play guitar onstage .,1
people on bikes in traffic with man watching from the side of the road .,9
man with a yellow vest shovels rocks while another man watches .,1
construction worker in an orange vest shoveling rocks while another one in a blue vest watches .,0
man with a white guitar plays with another in a striped shirt .,9
guy sings while another plays guitar .,1
men performing each playing guitars while one is singing,6
young men are playing guitars in the corner of a room .,9
is a black and white dog running on a mat with a man in a blue shirt watching .,9
woman in shorts and a white top is taking a picture with a digital camera as a young man watches .,2
man and another person in shadow watch a street parade at night .,7
man watching something that other people are doing .,9
people watching the crowd in front of them .,1
skateboarder does a trick off a wooden ramp as spectators watch .,6
skateboarder performs while others watch nearby .,1
dark-haired man in a red t-shirt , with a beard , playing the guitar in a park .,2
man in a red shirt plays guitar in a park .,9
man is sitting and playing guitar on the grass .,9
man sitting in the grass , playing his guitar , wearing a red shirt,0
man wearing red plays his guitar on the grass .,9
man watches while another breakdances , balancing himself for a moment on one hand .,6
women ride camels , while a third watches .,6
young girls are riding beige camels as another lady wearing a purse watches .,2
group of young kids watch a group of older kids play soccer on a city street .,1
bandmates in white play guitar .,9
men are playing guitars together,9
men in white play guitars .,9
men in white suits are playing electric guitars .,0
musicians in white suits play guitars while surrounded by associated gear and a red curtain .,9
snowboarder in the air as others watch .,9
snowboarder jumps while spectators watch .,9
skateboarder is balancing on a wall while a group of other boys watch .,6
guy standing on horses , while a crowd watches,1
man and a woman watch two dogs .,6
are leaping into the air whilst being watched by spectators .,6
guys and two girls are watching something and getting excited .,2
group of people watching a snowboarder perform a trick .,9
are watching a snowboarder perform a trick in the air .,9
people are watching a snowboarder with a blue jacket jump .,9
watch a snowboarder in mid-flight amid a snowy landscape .,9
girl does a cartwheel in the street while people watch from the sidewalk .,0
person in the black shirt performed a stunt in the street while the crowd watched .,9
bicycle rider takes a daring jump as his friends watch .,9
asian man in a black tracksuit is watching students doing exercised on basketball court .,9
black and brown dog wrestle , and a little dog watches .,0
viewer from a helicopter watches a snowboarder below,9
child rides a unicycle while a crowd watches .,9
in checked shirt riding unicycle while crowd watches .,9
spectators watch three competition skiers pass by .,2
skiers are coming over and down a hill while spectators are watching .,2
men Nordic ski racing while others watch from behind .,1
man with the guitar case smiled at the other man .,9
older men sitting at a table , one holding a guitar case,9
rollerblader rides high in a full pipe while others watch,0
overweight man makes arm gestures on a park bench and a woman watches him .,9
woman in a red jacket watches as a black and brown dog runs away from her in woodland clearing .,1
dog is lying on a bed with torn paper nearby and a person watching nearby .,0
man on ski has jumped in a tree while another man is watching,1
homeless man in a wheelchair is holding a cup out for a man to put some change into,9
young woman watches as a young blond boy swings in a chair swing with buildings visible in the background .,6
woman with dyed blonde and brown hair has her arm around the man who is holding a cup .,9
man and his female teammate watch his shot as they play a game of a beer pong .,0
man is throwing a small white ball at some red cups .,7
man trying to throw a ball into red cups .,1
player watches the tennis ball he hit go flying , as the crowd watches .,9
watch as a person skis down a mountain .,7
couple watch as two young boys show them an item outside a barn while two young girls stand off to the side .,0
group of people watches a boy on a skateboard launch off a ramp .,0
of people watching a skateboarder do tricks at a skate park .,9
are watching a boy on a skateboard at the top of a skate ramp .,1
family is watching a girl on the phone walk by .,6
woman walks and talks on her cellphone while nearby men watch .,1
man is riding a bull at a rodeo setting with a small crowd watching .,6
riding with people watching,9
baby takes a bath while grownups watch .,6
bunch of people watching a child in the bathtub .,1
people are standing around watching a baby taking a bath .,6
woman holds a baby while a man looks at it as another man holding a child watches .,1
runner is wearing a red tank top and is being watched by a man in black .,9
group of people watching a chess game .,9
people are sitting in a park watching a chess game .,9
people are at a park watching a chess game played with giant pieces .,2
crowd is watching an over sized chess match .,9
boy is brake dancing as a crowd watches .,0
man is standing on his hands on a sidewalk while others watch .,1
guy playing tennis , two nearby spectators , and a crowd watching .,1
tennis player is hitting the ball with his racquet , while others watch the match .,0
girl is hanging on the fence watching a horse .,9
young girl clings to a fence ant watches the horse on the other side .,9
man in a blue shirt climbs a rock while people behind him in red shirts watch .,9
little girl dressed in pink watches another , also wearing some pink , jump on the trampoline .,6
white , curly haired dog is wearing a harness and watching another black and brown dog in the water .,9
young girl in a white dress watches bubbles while a woman and girl toddler observe .,0
little girls and an adult watch bubbles float through the air in front of them .,6
girl is playing a red flute while another girl holds a pink guitar .,0
little girl is playing a red recorder flute while another girl is playing a pink guitar .,0
girl is playing a recorder and another girl is playing the guitar .,0
girl is playing a recorder while another one holds a guitar .,9
brown dog in a pink shirt chews something white while a brown dog in yellow watches .,6
bald man is attempting to slam dunk a basketball in a game while people in the stands watch .,1
man reaches toward dunking a basketball while an audience watches .,9
boys watch a seal in an aquarium .,7
woman read the paper and drinks from a coffee cup in front of an art gallery poster .,1
man watching another man do a kissing pose,1
little girl dressed in pink is falling in water while another girl dressed in red watches .,0
empty chairlift and a chairlift occupied by two people are moving .,0
a child from behind as their long hair flies out .,9
biker falls while the boys watch .,7
dogs play together while their owners watch .,9
young man sits on a cliff , watching the ocean .,6
crowd watching a dirt bike race,1
standing at fence watching motor vehicles in field,1
boy under an umbrella is held by his father who is wearing a blue coat,0
biker with a blue jacket , black pants , and white helmet driving on dirt while people watch .,0
boy flips out of the pink intertube while a boy in the green tube watches .,7
boy has done a back flip into a swimming pool while another boy watches .,2
woman watches a girl play in an urban fountain .,1
young girl plays on the edge of a fountain while an older woman watches .,0
are 2 men dressed in stripes sitting under a green umbrella .,6
gondola drivers rest in the shade of a table umbrella .,1
boy does a trick on his bike as other kids watch .,1
group of people are standing by a window watching something .,2
little boys brush dirt off each other as a man watches .,6
young boys wrestle in the sand while a man watches .,2
small crowd watches military men in a tent area .,9
soldiers are going into a tent with men and women watching them .,6
women are dressed in costumes while one holds an umbrella .,1
crowd watches a biker on a wire .,9
group of children watch a man who is riding his bicycle on suspended wires .,9
group of children watching a man do a bicycle stunt .,1
watch a bicyclist perform on a tightrope .,2
boys are watching a bicycle stunt .,1
boy is on a bicycle , and there is a girl on the back of it with an umbrella .,0
couple stands outside with an umbrella and a bicycle .,1
girl with an umbrella is riding on the back of a bicycle peddled by a smiling boy .,9
man rides a bike with a woman holding an umbrella .,1
is a boy on a bicycle ; and a girl , holding an umbrella , climbing on the back .,9
people stand by watching a car smoke heavily .,1
are watching a race car speed thorugh the dirt .,9
spectators watching a dirt racing car pass by in a cloud of dust .,7
dragsters race down the track in front of a crowd of spectators watching the drag race from the stands .,0
man stands on one leg in a playful pose near a lamppost as a young girl looks on .,1
young woman perform near handwritten notice as little girls watch .,1
rugby match in progress is shown with the referee watching .,6
african man is being dragged though wet mud by two cows whilst other people watch .,0
football player is tackling the player with the football as the crowd watches .,1
dark skinned man plays a blue guitar on the street .,9
man playing his guitar on the street , surrounded by buildings and street lights .,7
man plays a blue guitar on the an empty urban street .,1
man walking the streets while playing the guitar .,6
man plays his guitar on the local streets .,6
cat watching a dog with a toy .,0
skateboarder does a trick on the railing while other people passing by watch .,6
woman watches a dog jump down the stairs .,7
man wearing a helmet is on a bicycle in the air while people in the background watch him .,9
jumping over rail on bicycle while crowd watches,2
boy in blue jumps his skateboard off some steps while his friends watch .,9
boy in blue jumps on a skateboard while two others watch him,1
man in a blue shirt is performing a skateboarding trick near stiars while two other men watch .,2
player sits on the bench while watching his teammates play ice hockey .,9
police officers in bright yellow jackets watch the crowd .,9
dog jumps into a pool while someone watches from the side .,9
baseball player swings at the ball as onlookers watch .,6
woman is jumping a long distance while people watch .,9
watch as girls play softball in a game .,6
softball player 's team watches as she swings at a pitch .,0
baby girl and little boy are standing next to a guitar and a drum .,9
watching airplane and helicopter in the sky .,9
blond woman pours wine for people while they watch tv .,6
woman pours wine and watches tv .,9
men and women drink wine while watching television .,6
man waterskiing during the winter time as people watch,1
opposing hockey players make a play for the puck with opposing fans and team members watching .,0
stunt cyclist launches himself into midair over a ramp while other cyclists watch .,1
people watching the clouds in the mountains .,9
men holding cups and one lady holding a cigarette .,2
bunch of people mainly men watching something .,9
are playing on a merry go round as adults on a bench watch them .,9
watch as their children enjoy the spinning merry-go-round .,6
person is rock climbing while another person is holding the rope and watching from below .,0
man with an electric guitar and long hair leans towards another musician .,7
spotlight is on a guitarist who is playing in a band .,0
musicians are on a stage , one plays the bass guitar .,1
people perform on a stage with electric guitars .,0
man and a woman are drinking from ceramic cups in front of a brick wall .,1
young boy dressed in a red uniform kicks the soccer ball on the field as another child in blue watches from behind .,0
boy in red getting ready to kick soccer ball while other boy watches .,2
bald man in a band is playing guitar in the spotlight .,9
bald man plays guitar while a spotlight is on him .,9
man plays guitar next to a drummer .,1
old bald man in the spotlight playing the guitar .,9
seated man playing a small guitar next to a standing man plucking a bass .,2
man sitting playing a small guitar while another man is standing playing a large chello .,9
dirt bike racer takes offf as others watch .,1
motocross rider is traveling along a dirt path with people watching .,9
person on a dirt bike is riding up a hill while people watch on the side .,9
light brown dog jumps through a ring of fire while two people watch .,6
man rowing a boat while the woman watches .,1
girls watch the singer at the concert .,9
large group of people are watching something , screaming , and taking pictures .,0
dog running on the beach while a man watches .,9
bike rider sits and watches as a fellow rider does a jump off a ramp .,6
man watches another man do a bicycle trick .,1
young men on bicycles one is doing a flip while the other watches,2
man is watching a dog catch a Frisbee in midair .,1
man stands by as a dog leaps to grab a Frisbee while people sitting on a wall watch .,1
jumps to catch a Frisbee while people watch .,9
climber in a red shirt is scaling a rock face whilst being watched by another man in a white shirt .,2
man climbing a rocky outcropping while another watches .,6
man is climbing up a rock while another man watches him from behind .,6
man in a uniform stands next to a girl with purple hair holding a cup .,1
guys , with a guitar , yelling .,6
young men sing together while one plays the guitar .,2
flower girl and ring bearer watch the flower petals hit the grass .,7
flower girl drops petals while the ring bearer watches .,6
man is jumping from a rock into the ocean while others are watching .,6
person jumps off of a cliff into the water below as others watch .,9
skater woman in a white shirt is skating along a track while others watch .,1
baseball pitcher in a red and white uniform throws the ball while his teammate watches .,2
man in the background is watching the skateboarder complete a jump .,1
woman is outside playing the guitar .,9
woman with a guitar sings in front of a building and grass .,1
woman with a nylon stringed guitar is playing in a field,9
girl plays a guitar while singing in a rural scene .,2
man watches his yellow dog hunt for something from on top of a fallen tree .,1
man watching his dog standing on a dead tree trunk .,1
horse is kicking up its hind legs at the cowboy whist another man stands ad watches .,0
man is roping a bull in a rodeo while others in cowboy hats watch .,7
man in fancy clothing plays a guitar on a stage .,9
man playing a guitar under the lights with other people in the background .,7
woman plays guitar by a round light .,7
playing guitar in a dark room .,1
man played guitar in the band .,2
man and a woman holding cups with another man nearby .,1
woman stands next to a man in a hat holding a cup standing next to another man in a yellow hat .,1
young adults holding plastic cups .,9
children in neon colors play soccer while young man watches,1
riding a racing motorcycle while other people watch .,7
watching a motorcyclist ground around a track .,6
bicyclist jumps their bike while a crowd spread across a hillside watches .,1
dirt biker competes while onlookers watch .,1
man is performing a midair stunt on a dirt bike while people in the background watch .,1
mountain bike racer jumps his bike as spectators watch .,0
man on a skateboard while the crowd watches .,9
boy hits a ball , with a bat , outside , while others in the background watch him .,6
large dog watching a small dog,0
brown dog is watching the white dog chewing the blue string .,9
large dog watches the small one play with rope .,0
man in grey sits and watches a waterfall from a rock .,9
man sits watching a waterfall .,7
person watching the sunset over water raises her arms .,9
group of people playing guitars and singing .,1
with guitar singing with three other people,9
is a group of three women and one man singing while one of the woman plays a guitar .,1
woman is laughing while playing guitar .,0
woman with a guitar smiles in front of a microphone .,1
women stand at a microphone , and one has a guitar .,1
woman playing guitar and singing in the foreground and three others performing behind her .,9
woman singing and playing an acoustic guitar and three people accompanying her .,6
children ride on a round swing while another watches from the grass .,6
baseball player swings the bat as a catcher and umpire watch .,6
ump in black watches a baseball game .,9
girl is holding a paint brush in a plastic cup and painting the ground .,9
tan dog watching a brown dog swimming in a pond .,7
couple in wedding outfits watch the sea from behind a wooden railing .,6
man in a cowboy hat sits on bleachers near the water and plays guitar .,9
man plays a guitar while sitting on bleachers in front of a lake .,9
man plays guitar on waterside bleachers .,0
sitting on bleachers wearing a white cowboy hat and playing a guitar,0
fashionably dressed young ladies sit back to back on a wall in a city park watching people around them .,0
person plays cricket while being watched by a crowd .,1
group of people sit on a panel on a stage with a crowd watching .,9
brown and black dog watches over a heard of animals .,1
boy doing a skateboard trick off of a flight of stairs while people watch .,2
group of boys watch a skateboarder jump a distant staircase .,7
people watching as a skateboarder leaps down a flight of stairs .,2
watch as a skateboarder does tricks .,6
woman holding a cup of beer and a man walking down the sidewalk .,2
boy in a green shirt is riding his skateboard in a park while three boys watch .,7
family watches as a little girl blows out the candles on her third birthday,2
biker leaps off a half-pipe littered with graffiti as onlookers watch .,1
athlete pole vaulated above the bar while spectators watched .,9
man on a motorcycle rides donuts with a crowd watching,9
motorcyclist burns rubber in a circle while a crowd watches .,9
on blue motorcycle with smoking back tire and people watching in the background .,1
girls arm wrestle while a third girl in a pink shirt and glasses watches .,2
teenage girls arm wrestle while a third girl watches .,2
young girls are arm wrestling in their hotel room while another girl watches .,9
boys are walking along the stage whilst being watched by several people .,6
guy in a costume , a crowd watching him .,9
boys points a pink gun in the air while a little girl watches and laughs .,6
girl and a boy watch a dog try to climb a tree .,6
two children watch the small yellow dog on the tree .,6
topless woman with bright red hair watches a gay pride parade .,9
girls are doing cartwheels as other children stand around watching .,9
man playing a white guitar and singing as well,1
man plays his white guitar .,1
tattooed man in black playing a white guitar and singing .,0
singing and playing a guitar .,1
guitarist is performing .,1
girl runs through an obstacle course outside as some boys watch .,7
girl runs in the grass while others watch .,9
man sitting on a park bench watching pigeons .,9
blonde boy is holding a blue umbrella .,9
little boy smiles as he holds a blue umbrella above him .,1
wet boy stands under an umbrella .,1
kid is under the blue umbrella .,7
little boy in the blue t-shirt is smiling under the blue umbrella even though it is not raining .,0
stand outside watching something .,9
person in a red hat and shoes doing stunts on a red bike while a person in yellow watches .,0
man in a pink shirt and white vest plays a guitar .,1
man in a pink shirt playing guitar .,9
man in a white suit and a pink shirt plays guitar .,9
man wearing pants plays a guitar while onstage .,1
man in the white and pink outfit is holding a guitar .,9
baseball player in a white uniform is walking to base while a crowd of people watch from the bleachers .,9
dogs watch an unseen object , two of them leaping in the air .,6
man balances a knife on his arm as another man watches .,9
man has a knife on his arm and another man is watching .,9
girl throws stones and watches the lake splash .,9
little boy with a bib on is watching the camera .,7
girl dives into the water while another girl watches her .,9
young boy wearing a big watch eats an ice cream cone .,6
dog that is wearing a red cap is standing by a guitar with its mouth wide open .,9
dog owner watches their dog climb over the rocky outline of a walking path .,6
man attached to strings is watched by a crowd .,9
on laptops in front pf a large window .,6
are two men and one female sitting down and looking at their laptops in front of a window .,0
people are sitting at a counter using laptop computers .,6
people work on their laptops inside a store .,0
dog is standing in the snow watching the camera,9
family of five is watching a performer standing on a stepstool .,9
group of people watch a man standing on a stool dressed in a thong .,1
police officer keeps watch a parade .,9
small brown jumps in the air as a big brown dog watches .,7
people sitting on a dock under a lamp post with clouds in the sky beyond them .,6
woman sitting next to her purse watching dogs at the park .,9
brown dog persues a Frisbee across the grass as the thrower watches .,9
woman in a blue jacket watches as her two brown dogs play with a red ball in a grassy yard .,6
woman watches a brown dog run away from a house across the grass .,9
man lifting black box is watched by black dog .,6
couple watches a boat against a skyline .,1
man and woman sit on a bench , watching a boat go by .,9
sun is setting while a man and woman watch a boat go by .,6
people sit on a bench and watch a boat on the water .,9
people watching a boat sail past .,9
woman are watching people play tennis from a bench .,9
individuals watch a tennis match .,7
people sit on a park bench while watching a neighborhood tennis match .,9
people with red scarves on their heads are watching tennis .,6
person is eating pasta , while a dog is watching .,1
adult man is throwing a child into the air at a beach while another child watches .,9
young boy is thrown by a man as a girl watches at the beach .,9
woman flies a kite in a field while her dog watches .,9
man holds a microphone and speaks as a group of seated people watch and one woman looks down .,0
couple kiss outdoors , while another couple watch .,1
group of people are gathered to watch a man speak from a podium about Armenian genocide .,0
girl in a purple sweater is watching a boy drink from a bottle .,9
girl in a purple sweater watching a boy drink from a green bottle .,9
little girl in pink watches a young boy drink out of a bottle on a crowded street .,2
drinking from a green bottle with girl in purple sweater watching .,6
protesters on curb , with pink umbrellas spelling out IMPEACH .,1
man wearing a multi-color coat is playing the guitar on the street .,9
man wearing a multicolored striped shirt playing the guitar on the street,9
performer in colorful shirt performing with small guitar .,9
climber scales a cliff as others watch .,9
figure is climbing up a rock while people on the grond watch .,9
person climbs a cliff face in the woods while others watch .,9
are watching a man who is climbing on a rock face .,9
bicycle stunt person midair performing a trick with fans watching .,1
group of young people are watching a man on a dirt bike performing a stunt in the air .,1
man does skateboard tricks off a ramp while others watch .,6
dressed in black is doing a skateboarding jump with a crowd watching .,2
watching a guy in a black and green baseball cap skateboarding .,2
women in front of boxes of tea and cups .,6
lady paying attention to what she is watching , another woman taking photos .,0
man balances on his forearms while a child watches in front of a colorful background .,1
watch a man doing dance moves .,9
young girl playing in the water with others watching in the background .,9
man holds a stick while three dogs watch and jump .,1
zaftig woman in a tube top and jeans dancing outdoors , with a guitarist behind her .,9
woman in a red halter dances to guitar music .,1
group of older people are sitting outside under their marine-life-themed umbrella .,9
young boy sits at a picnic table and drinks out of a small cup .,0
little boy hits a baseball while his family watches,0
little boy in a red shirt plays with a park telescope while a girl in a pink skirt watches .,7
little boy plays with a telescope in a park while a little girl watches .,9
little boy uses a telescope to view an object far away while a little girl stands nearby and watches .,6
young boy uses a water gun as a young girl watches,6
boy in a red shirt plays with the telescope as a girl in a pink dress watches .,7
woman with a strapless top is dancing to guitar music and holding a water bottle .,9
young woman with a water bottle , near a guitarist .,9
man holding a cup on a snow mountain .,1
man in a yellow suit is holding up a cup while standing in snow .,6
mountaineer in a yellow jacket is drinking from a thermos cup .,6
boys look at a laptop computer while a four talks on the phone .,1
man is standing on top of a rock or mountain watching the sunset .,9
man standing in the mountains watching a sunset .,9
man in a blue swimsuit jumps from a cliff into the water while another man watches .,0
blue-robed and hooded figure is walking past occupied tables in an upper-class room .,0
boy in a red baseball cap eats a Ritz cracker and has a big pink cup of juice,6
small boy with a red ball cap holding a cracker with a pink cup nearby .,1
dog is distance jumping into a pool of water while spectators are watching .,9
leaps into pool marked for distance , man and woman watch in background .,9
people watch a dog run along a blue cloth with numbers on it .,6
man balances a ball on a Japanese umbrella .,9
man balances a ball on top of an umbrella .,9
man balances a ball with a pink umbrella while people watch .,9
man holding up a bright pink umbrella on a city street .,1
man is balancing a red ball on top of a pink umbrella in a city street .,6
woman watching two kids playing at a pool .,1
young girl jumps feet first into a swimming pool while another little girl and woman watch .,9
child is squirted with water while older people sit and watch .,9
group of older women watch a little boy laugh as he gets squirted with water outside .,9
people stand against the railing above the water and watch the sunset .,9
adults are filling their cups and a drink machine .,9
couple standing on the deck of a boat watching the water .,6
man in a tan trench coat and blue jeans walks with a black umbrella open over his head .,0
man in a trench coat is walking with an umbrella .,1
man with white hair , a long trench coat and an umbrella walks past a parking meter .,0
walking with his umbrella in a bleak street .,2
girl walking with her grey umbrella .,9
woman holding an umbrella is standing near a parking meter .,9
woman is walking down the street holding an umbrella .,1
woman with a blue umbrella stands next to a parking meter .,7
woman in heels , black skirt and white shirt , holds her blue umbrella over her head while walking on a sidewalk near a parking meter .,0
black and white dog is watching over a flock of white sheep .,9
boy is leaping over a blue hose pipe as a little girl watches .,9
boy and a dog on a dock are watching another dog swim away .,6
boy and a dog stand on a dock watching another dog .,7
boy and a large dog stand on a dock watching another dog swim in the water .,9
boy and his dog are watching an object in the water .,9
person is sitting under a purple umbrella on the beach .,9
woman in a black bathing suit is sitting under a purple umbrella on the beach next to the ocean .,9
woman in a black swimsuit sits under a hot-pink umbrella at the beach .,6
sitting on the beach under a pink lawn umbrella .,6
adult watches a child somersault into the pool while another child looks on .,9
throws little boy into pool as another boy watches .,0
single runner is watched by onlookers in a race .,0
since his baby girl started coming to the arcade with him , the dad enjoys watching others play his favorite pinball game .,0
boy jumping off of a dock while his friend watches,9
girl all in black and white , and carrying an umbrella , walks down the street , as others watch .,7
girl dressed in black and white with mime makeup stands in the middle of a street with a white umbrella and black top hat in her hand .,0
lady in the street is wearing a white and black costume and is carrying a white umbrella .,7
little kid splashes around in the kiddie pool while a lady watches .,7
woman watches a child play near a small pool .,9
