3,child in a pink dress is climbing up a set of stairs in an entry way .
6,climbers in a row are climbing the rock while the man in red watches and holds the line .
5,little boy at a lake watching a duck .
1,boy in a green shirt watches kayakers .
4,man and blond woman holding hands outdoors , man in background watches .
1,in blue shirt biting hand of girl in black striped jacket while another guy watches
0,person eats takeout while watching a small television .
7,boy takes a jump on his skateboard while another boy with a skateboard watches .
1,little boy skateboarder is doing a trick on his board while another young skateboarder watches .
0,crowd watching air balloons at night .
0,are watching hot air balloons in the park .
0,watching hot air balloons .
0,people and two horses watching a fire .
2,large brown dog is pushing a small Boston terrier with his face while anouther dog watches .
0,boy is jumping on an inflatable ring and a girl is watching him
0,helmeted men sit on yellow snowmobiles while another man stands behind watching .
1,brown and white dug jumping up to catch a Frisbee while an audience watches .
1,dog jumps to catch a Frisbee , while many people watch .
7,agile dog catches a Frisbee while a crowd of onlookers watches closely .
7,climber wearing a blue helmet and headlamp is attached to a rope on the rock face .
1,girl climbing down from the side of a bright blue truck while others watch .
3,man is helping a girl step down from a colorful truck whilst a woman and three children watch .
7,child practices hitting a baseball into a net , while two adult men watch .
4,woman with an umbrella is sitting at a station , with an Aquos commercial on the wall .
5,child is jumping into a pool while a man is watching the child
5,swimming person is watching a child jump into a pool with blue water .
4,couple of people sit outdoors at a table with an umbrella and talk .
4,people are sitting at an outside picnic bench with an umbrella .
9,sit and watch the fish moving in the pond
0,children watching fish in a pool .
7,woman drawing portrait while a man on a cellphone watches .
1,child is being swung by her arms while another child watches .
0,young child is swung by his or her hands while another child sits on grass watching .
4,blonde models pose with a man under an umbrella .
7,girl is doing a handstand on a trampoline while another girl watches
0,woman is watching the tide .
1,girls sparring with a red and blue bat while another girl watches .
4,kids with helmets playing with Nerf swords while one looks on drinking from a plastic cup .
7,young girls playing with rubber swords in a park while a chaperone watches .
2,white dog and a black dog running side by side on the grass while onlookers watch .
9,man wades in the water and watches a waterfall .
0,man jumping on his bmx with another bmxer watching .
0,mountain biker is jumping his bike over a rock as another cyclist stands on the trail watching .
1,man is aiming to shoot something while his dog watches .
3,young man is sitting at a table with a laptop and earphones .
4,young man with headphones looking at a Macintosh laptop computer .
4,sitting with headphones at a laptop .
9,girls on the shore watch people in a boat fish .
5,little girls in bathing suits sit on the shore of a lake , watching someone fishing from a boat .
4,lone woman sitting on an usual green bench with a cup in her hand
9,girl is hooked to bungee cords as the crowd behind her watches .
7,small girl is sitting in a harness , strapped to a tether , while others watch .
7,baby stands on the side of a couch and knocks over a lamp .
4,indoors , climbing on red couch arm , reaching for lamp .
7,girl in a teal dress on the arm of a chair reaching for a floor lamp .
0,men are watching something .
0,group of people sit watching an event behind a Tim hortons sign .
0,crowd is watching 2 shirtless men , one in yellow pants and one in black shorts perfom .
4,man in yellow pants and wearing no shirt is being watched by many people .
2,black and white dog is jumping up to catch a toy as another dog watches .
2,black and white dog leaps for a flying disc while another one watches .
1,child slides down a colorful slide while another child watches
1,boy sits in a toy car while drinking from his sippy cup .
3,toddler drinking from a cup in a toy car .
3,toddler in a red toy car drinks from a juice cup
1,boy sits in his toy car sipping from a cup .
3,child sits in a toy car and drinks from a sippy cup .
9,bird watches the waves crash over the rocks .
9,guitarist plays while people play with hula-hoops in the background .
7,guitarist sits playing before microphones , while a man and a boy dance and a woman stands by .
8,man in a white hat plays guitar on a stage .
8,man plays guitar on a stage while another woman smiles
9,man and his dog watch the sunset from a bench .
4,old man with sunglasses and a watch around kids
1,little boy plays with a water toy while others watch .
1,young boy splashes in a yellow wading poll while mom watches
1,skydiver safely lands while another watches from the ground .
1,dog chewing a blue rope while two men watch from behind .
3,woman sings in a club with a guitarist behind her .
7,woman sings into a microphone by a guy playing a guitar .
8,singing with a microphone next to a person playing guitar .
4,girl is playing an electric guitar in front of an amplifier .
8,girl plays her guitar on a dark stage .
8,woman is playing guitar onstage
8,woman playing guitar in red and blue light
8,player performs at a nightclub red guitar .
9,player on the white and blue team kicks a soccer ball toward his teammate while players on the red team watch .
9,soccer player dressed in blue and white is kicking the ball to his teammate while other teammates and opponents dressed in red watch .
9,man and woman sit on a car and watch the road .
3,young man holds up a hand written sign next to a woman with a multicolored umbrella .
0,and woman watching something near rocky ocean surf .
5,white dog is watching a black dog jump on a lawn next to a pile of large rocks .
2,white dog watching a black dog in the air .
2,black dog catches a tennis ball in his mouth while a white dog watches .
2,black dog is catching a ball , while the white one watches .
5,crowd is watching a dog climb up a staircase .
1,watch a German Shephard climb steps on an obstacle course .
4,jogger is being sheltered with an umbrella .
3,runner is being handed a water bottle from a woman in a teal jacket holding an umbrella .
4,woman assists a marathon runner by holding an umbrella over her and giving her water .
3,woman is holding a pink and brown umbrella for a lady running in a race wearing number 13406 .
7,a rainy day , a woman holds an umbrella above a runner and gives her water .
9,man in the red shirt tried to hang onto the rock while three others watched .
0,busy beach has people scattered on it watching the sky .
9,watch something in the sky .
3,woman sings into a microphone with a guitar player in the background .
7,young woman stands singing at a microphone while a man behind her holds a guitar .
0,are gathered around watching children with a pig .
7,children pet a pig while a crowd watches .
7,children fall headfirst into a colorful ball pit while a third child watches .
9,girl in pink is watching the boy catch a fish from the river .
0,women watching people in white shirts , one of those persons holding a sword .
0,person is watching two puppies playing .
9,men in black bulletproof vests watch something taking place to the right of the picture .
1,men in bullet proof vests watch over a crowd by some white tents .
8,guy outside playing a guitar and smoking a cigarette .
4,man with an electric guitar smokes a cigarette sitting outside .
7,scruffy looking man smoking while sitting on the sidewalk and holding a guitar next to a bike of some sort .
8,young man is smoking a cigarette while holding a maroon guitar .
8,playing an electric guitar on a sidewalk and smoking a cigarette .
2,dog in midair catching a ring , while another dog watches .
3,child in period costume looking at a table with a bowl , cup , and a basket of apples .
1,group of boys play flag football while some bystanders watch .
1,boys in team uniforms are outside playing sports while people watch .
7,group of girls and boys practice together on a school stage while a few adults and children watch on .
7,boy holding a hose next to a man while another boy watches on , held by a woman .
1,child is playing with a water spout outdoors while the rest of his family watches .
3,man in an orange shirt is helping a boy squirt water from a hose into a pond whilst a woman and boy watch .
8,child plays a red toy guitar and sings into multicolored plastic microphone .
8,little boy is playing with a toy guitar and microphone .
8,little boy plays a toy guitar while singing into a toy microphone .
4,little boy with toy microphone and guitar pretends to play music .
8,child has a small red guitar and toy microphone .
4,airborne kid is watched by his launcher and others .
0,group of people gathered at night watching an event .
0,people are gathered and watching an event .
1,man and a boy play music as little girls watch .
7,man is playing a guitar with a child playing a harmonica while three young girls watch .
8,children watch a man onstage playing guitar .
1,little girls watch a band .
4,baseball is recoiling from an action taken on a treated field watched by others .
9,boy is being watched as he leaps up in the air on a trampoline .
0,guy standing is watching another guy in midair .
1,shirtless teenager bounces on a trampoline as other children watch .
4,person with gray hair wears a red hat and watches it snow .
9,boy is diving into the pool as the couple watch .
1,boy jumps into a pool while lifeguards watch .
3,young children , one wearing a red striped shirt , are looking in through the window while an adult in a pink shirt watches from behind .
0,men are watching others on a beach shore .
5,construction worker in a red shirt watching another construction worker with a hammer fix something .
9,blue rally car pulls away from the spectators watching from the side of the track .
1,race car zooms while onlookers watch .
1,racing car goes through a dirt course while fans watch .
7,boy does a cannonball into a pool while a girl watches .
7,boy jumping off of a diving board while a girl watches .
7,boy jumps into a pool while a girl watches .
7,large , dark colored dog is doing a climbing stunt outdoors , while a man watches .
5,boy standing and watching a group of people on a basketball court .
1,boy watches his classmates play in a courtyard , looking from above .
5,little boy is standing above a structure and watching the other boys play a game .
2,brown dog is resting its paws on a laptop keyboard .
4,dog sits with its paws on a laptop computer .
7,dog with a red bandanna has its paws on a laptop 's keyboard and is looking up .
1,boy runs in a race while onlookers watch .
1,dirt biker pushes his motorcycle up a rock while another rider watches .
3,man in red on a dirt bike struggles up a rock while another man in red watches .
9,boy watches another person falling in the snow .
1,playing soccer on a field while parents watch .
7,woman is climbing a volleyball net on a beach as two others watch .
3,girl in a blue jacket stands in front of a drab crowd while they watch something .
7,boy is sitting on a brightly colored chair next to a child 's book playing a guitar .
8,toddler is sitting on a red checked chair whilst playing a guitar .
3,young child is sitting in a colorful chair with a guitar in his hands and a book sitting next to him .
8,young child playing guitar on the chair
3,barefoot boy playing a guitar setting in a large muti colored chair with a picture of three pigs beside him .
1,little girl takes a picture while mom watches in boredom .
6,girl in the pink sweater is playing with a camera whilst being watched by the woman on the couch
9,little Jewish boy is watching an old man playing the violin in a park .
7,old man playing a violin at a park as a young boy watches .
8,old man playing the violin is being watched by a child .
9,boy watching an old man play violin in the park .
2,dog watches a tennis ball on the beach .
9,man watching two dogs in the water .
9,dogs are running in the water while a man watches from the dock .
7,dogs wade through shallow water while a man watches from a dock .
7,teenager blows a whistle and wears white face paint , ear muffs , and a yellow hat while another teen watches .
1,man in jeans reclines while another watches .
5,little boy is watching a palace guard stand outside a little black hut .
1,young boy stands and watches a British guardsman .
8,man plays his guitar on the street .
8,man sits on a box and plays a guitar in the street .
1,lady watches the man without a shirt .
0,crowded stadium is full of people watching an event .
1,stadium full of people watch a game .
9,dog bounding across the sandy landscape in front of people watching .
1,children jumping while an older man watches from a row of chairs nearby .
1,young children jump while an older man watches from his seat .
9,group of foreign people stand with umbrellas on the side of the street .
9,group of people with clear umbrellas standing on the street .
9,trying to stay dry with umbrellas in the city .
9,walk in the rain with umbrellas .
4,people are walking on a rainy busy street in Asia with clear umbrellas .
5,woman watching herself on a big screen while she is playing a boxing video game .
7,man with a baseball cap on backwards is holding a cup
7,boy holds a basketball during a game , while others watch .
5,older child watching a toddler play with a long spring inside a house .
1,young child plays with a slinky in the family room while an older sibling watches .
9,kids watched as the soda bottle launched into the air .
0,basketball players watching the ball .
1,man watches a small child in pink .
9,skating while people watch on the side .
1,boys race on ice skates while others watch .
7,person rolls down a hill riding a wagon as another watches .
2,standing brown dog watches another dog lay in the grass
2,small dog in a harness jumps over a snow covered log while another dog watches .
1,boys watch a third boy kicking some snow .
4,woman in black holding a cup of ice cream .
4,woman is dressed in black and holding a cup .
3,women are operating a laptop connected to a camera in a parking lot with a third person standing by .
9,little girl playing the guitar , some flowers to the left .
8,little girl sitting on a bed playing a guitar .
3,young girl in a pink room tries to play a black electric guitar .
8,young girl plays guitar by pink walls .
8,young girl plays the electric guitar on her bed .
2,dog leaps high in the air while another watches .
1,crowd of people watch as a Remax hot air balloon gets ready to take off .
2,large white dog watching a little black dog run in the snow .
2,tall white dog sits and watches a small black dog run around him in the snow .
2,tan dog jumps across some water while another dog watches .
0,little boy is watching another little boy ride on a blue slide .
9,three children are holding umbrellas and watching the ceremony in the rain .
9,children with colorful umbrellas stand in the rain .
4,girls holding umbrellas with their backs to the camera .
4,girls stand under umbrellas before a stage .
4,girls take cover under their umbrellas .
7,girl using a laptop , another girl , and a boy looking at his cellphone .
9,coach for a game listens to his headphones and watches the game .
1,football coach watches a play being made .
1,coach speaking to a football player while everyone watches .
1,football players playing a game while fans watch from the bleachers .
3,American footballers in red are confronted by an opposition player in purple and white whilst being watched by spectators in a stadium .
7,football player runs along the sidelines with a football as a crowd watches .
0,football players are running on the field while a large crowd is watching
1,football players turn as a crowd wearing red watches .
5,crowd of people watching a football game with a player wearing red and cheerleaders also wearing red .
9,football player is kicking the ball while the opposing fans watch .
9,man punting a football as fans from the opposing team watch in the background
3,man in a baseball hat and sunglasses watching an event in a crowd .
0,man in a blue hat is watching something that is happening off camera .
0,crowd is watching a football game .
5,large group of football players about to start a game with a large group watching
9,player has the football as a crowd in red and white watches
9,two players , on opposite teams , are in the middle of a football game , while others watch .
1,play football as a crowd watches .
0,blonde girls wear sports jerseys while watching a game together .
7,girls sit near a wall and watch a sporting event .
0,fan checks his cellphone while watching a football game .
3,man in a red shirt is watching a football game .
9,Oklahoma football player watches the game from the sidelines .
3,man in a green shirt is kissing a crying toddler whilst watching runners in a road race .
2,small dog jumps by a car to reach a lady 's face while another dog watches .
3,little boy in a black shirt is holding a red guitar .
8,little boy is playing a miniature guitar and making a face .
4,little boy rocks out with his small guitar .
8,toddler plays the guitar and pretends to be a rock star .
8,young boy is playing a red guitar .
4,children in the bathtub with an umbrella .
4,children with a yellow and blue umbrella play in the bathtub .
4,kids are taking a bath with an umbrella .
3,little kids are in a bathtub with a yellow and blue umbrella .
4,young children under a blue and yellow umbrella .
0,watching a play .
9,child in an orange shirt holding a baseball bat watches the ball thrown at him .
1,man sits at a table outdoors and watches people .
5,large crowd of people are sitting watching a dog jump high up to catch a Frisbee with a man standing under the dog looking up at it .
3,white dog in a blue leaps over a man in a blue outfit with yellow stars in order to catch a Frisbee whilst people stand by and watch .
7,child holds a soccer ball above their head while a group of seated people watch .
1,child holds a soccer ball while people watch .
1,young girls sparring in white martial arts outfits while a third person watches from the side .
0,girl dancing with four boys watching .
0,little boy is watching a merry-go-round .
1,little boy watches a Ferris Wheel in motion .
0,throwing stick and dog watching
9,man dressed in a purple shirt and red bandanna smiles at the people watching him .
7,man is throwing a log into a waterway while two dogs watch .
5,dog , jumping over a trace obstacle , a woman watching in the back .
7,young boy slides down a blue slide with his eyes closed while a woman with sunglasses watches , smiling .
1,young male child slides down a blue slide while his mom watches .
9,man watches eagerly as his black dog leaps into the water .
1,blue car going down a dirt road , as onlookers watch .
1,older lady holds a toddler while another boy watches .
1,race car moves down the road as two people watch from a distance .
1,race car , numbered 104 is rounding a bend as two people watch and take pictures .
4,and silver car going around curve being watched by people standing in grass
1,and blue car marked 104 raises dust on road as two background people watch .
9,black and white race car is going fast around the track while fans watch nearby .
1,yellow race car sliding through a corner as spectators watch .
0,watching white and blue race car passing by .
1,race car drives on a track while several people watch from behind rope .
1,race car screeches through a turn as spectators watch .
1,sponsored race car is spinning its tires on a track while being watched by spectators .
9,watch a white stock car that has smoke coming out of the back .
4,woman stands holding an orange cup in front of a crowd .
9,young girls making upside down cupcake shapes in the sand .
3,black dog runs in a grassy yard while a woman dressed in green watches from in fton of a tan house .
0,man is watching his dog in his yard .
5,young girls wearing bonnets standing by a tree watching a snake nearby .
9,girl is jumping in the air while holding an orange and white guitar .
4,girl with a guitar .
8,young barefooted girl leaps in the air while playing a toy guitar .
4,young girl jumping with a Guitar Hero guitar
8,young girl jumps while playing a red and white guitar .
9,jumps over owner to catch smilely faced Frisbee , while spectators in the park watch
5,people are standing and sitting on a grassy field watching a dog jump over a man to catch an orange Frisbee .
7,crowd watches from the background as a young male sits atop a round shaped water fountain .
4,leaning on railing with lampost behind him
0,men are watching something through a fence .
7,man removes a boy from a ball pit while two other children and another man watch .
0,men are watching three children playing in a ball pit full of colored balls .
4,black man drinking out of a paper cup .
3,black man wearing a white suit and hat is holding a paper cup .
3,man wearing a hat leans against a bench and holds a cup .
6,brown dog is standing in the water watching the waves of the ocean on a sunny day .
0,group of boys is watching another boy walk away .
1,girl rides a swing while another girl watches .
3,little girl with a yellow shirt swings while a little girl in green watches .
0,watching something happen .
6,woman dressed in black is striding outside on a grassy lawn with a leashed black and white dog while people in the background watch .
0,crowd of people are standing behind a railing watching something in the distance .
7,others watch , a young girl jumps into a pool as a woman reaches for her .
4,child with a yellow cup and milk all over his face .
9,little boy spilled his milk from the green cup .
7,laughing child with blond hair sitting at a table holding a green sippy cup .
9,boy leaping on to a slip and slide with his friends watching in the background .
7,boy kicks a giant baseball while a group of children watch .
9,green shirted man sits among the many unoccupied red seats .
4,with SANTANA 57 shirt sits in sparsely occupied seating area .
1,boy at bat playing a baseball game falls to the ground while onlookers watch .
8,close-up shot of a long haired man playing a red electric guitar .
4,man rocks out onstage with his guitar .
8,man with long blonde hair playing a red guitar
4,with long blond hair playing red electric guitar .
4,with blonde flyaway hair playing guitar
1,father pushes his daughters go-kart while another girl watches
3,man in a yellow coat tends a fire , a boy in a parka watches .
7,person cooking on a fire while a small child watches .
7,person holds a frying pan over an open fire as a child watches .
9,man in the yellow jacket is cooking over an open fire as the little boy watches .
7,kids , one holding a closed umbrella , run around on a sidewalk next to a river .
7,gray-haired , shoeless woman is sitting on a blanket under a lavendar umbrella on the side of a street .
4,man leaning against a wall with an umbrella .
4,man is sitting outside on the street under a purple umbrella .
7,person is sitting on a Winnie the pooh sheet and holding a purple umbrella .
9,girl in yellow is laughing at the girl wearing orange whilst being watched by the girl in blue .
9,group of people are laying in the grass under an umbrella .
4,group of picnickers sit under an umbrella .
3,group of young adult women in bikinis sit in a field of wild grass and flowers , some under a striped umbrella .
2,dog jumps in the air to catch a Frisbee , while many people watch .
2,and dog do Frisbee tricks as crowd watches in baseball stadium .
3,male wearing a blue shirt is holding a cup in hand while staring at the camera .
3,man with a Mohawk is holding a cup .
9,black and white dog leaping through the air as two people watch in the background .
2,small white and black dog is running through a blue netted course while people watch .
7,children watch as a dog runs through a blue fenced course towards a person holding a scanner and microphone .
7,Asian girl wearing a very colorful dress is carrying a plastic cup .
3,woman in a multi-colored dress is holding a plastic cup while gesturing with the other hand .
1,group of bulls are running down a street as people run and others watch .
9,of people watch as people partake in the bull-run .
1,performing while two men watch .
3,woman is wearing a white t-shirt and holding a cup .
3,man in a white shirt is climbing a wall while another man watches
1,man with a bandage on his finger is rock climbing as others watch .
8,group of women pose for a picture as a man plays guitar behind them .
9,woman and child with an umbrella walk through the street in the pouring rain .
3,woman in a colorful sari walks with a small boy who is carrying an umbrella through a busy city in the pouring rain .
3,woman in a sari next to a boy holding a red umbrella in a rainy street
2,dog stands on its hind legs in a wooded area while another dog watches .
4,girl with blond hair offers a dimpled smile from under her black umbrella .
4,lady posing while holding an umbrella .
4,young blonde woman in black smiles under her black umbrella .
3,woman with a black shirt is holding a black umbrella over her head .
4,blonde haired woman is holding a black umbrella .
0,girl wearing a yellow dress is playing in water while others are watching .
4,baby dressed in blue , with a watch .
1,baby wearing a watch .
4,baby with a wristwatch is curious about something
3,child in a blue shirt is wearing a wristwatch .
3,young child in a blue outfit plays with a watch he is wearing .
7,young man stands against a tree drinking from a cup .
1,cyclist is performing a jump whilst other cyclists stand by and watch .
1,on a bike is performing an aerial trick while other bikers watch .
7,boy runs along a beach while a group of young girls watch .
9,blonde girl is watching the boy run barefoot on the ground .
4,person holds a very small umbrella .
2,man uses two sticks to control two tan goats in a pen while a black and white dog watches .
1,carrying injured man as spectators watch from behind fence .
1,male watches a young female playing soccer .
1,boy jumps off a platform whilst two other boys stand and watch .
1,boy jumps into water while another watches .
7,woman with two children , a cake , and a laptop .
2,brown dogs run along a gravel road while another dog watches .
9,standing in a line with family watching in the background
7,man on a bike executes a jump as part of a competition while the crowd watches .
7,man rides a yellow bike over a ramp while others watch .
1,boy tries to keep his balance while standing on two floating devices while two others watch .
5,man in a robe leaning against a trashcan and watching pedestrians .
7,wearing a flowered robe holding a cup of coffee leaning on trashcan
3,man in a white t-shirt watching a dog do a back flip
4,in red shirt watches dog on an agility course .
0,young boy standing on a street watching the traffic
9,little girl in the red skirt and striped shirt is watching the line of traffic from the side of the road .
7,standing on a beach , one under a green umbrella
1,man runs with his dog as people watch from nearby tents .
5,guy with a football , a crowd watching him .
3,watch as a dog scales a wooden wall in a grass field .
7,dog jumps to catch a Frisbee as a man watches .
9,boat goes out to see while someone watches on the beach .
1,orange boat leaves the shore while a person watches nearby .
1,orange lifeboat speeds away from its mobile launcher whilst a man in red watches it sail away .
0,old man sitting down watching something .
3,blonde women stand next to a man with a black Nike cap and shirt with a cup of beer in his hand .
9,people stand elbow deep in the ocean , watching the sunset .
2,small dog watches two big dogs playing rough in a field .
1,man climber a large rock without any gear while his friends watch
0,person climbing a rock while others are standing around and watching .
1,person hangs off a large rock as other people watch .
1,dangling from rock as spectators watch
4,blonde woman holds an umbrella over a race car driver .
3,man is sitting in a race car near a woman with an umbrella .
3,woman holding an umbrella over a person in a race car .
4,holding umbrella over race car driver .
3,man in a brown jacket and beige cap is drinking from a Styrofoam cup .
3,man in a jacket and cap is crouching down and drinking from a cup .
3,man wearing a coat is leaned against wall drinking from a white cup .
3,black and white dog jumps over a red and white pole while a boy in a green shirt watches .
3,man in a white shirt is standing in a tent holding a banjo or guitar .
8,man is standing under a tent playing a guitar .
8,man wearing sunglasses stands in front of band equipment holding a guitar .
7,football players are tackling a third while a referee watches .
1,dog jumping to catch a Frisbee while people watch
9,crowd watches as two formula one cars leave the starting line .
9,crowd watches the start of a drag race at twilight .
9,group of people watch a drag race at the beginning and see the fire from the cars .
1,large dogs greet other while their owners watch .
1,performing jump while onlookers watch .
9,athlete perfomed a trick as the large crown watched .
4,black person in black and red is sleeping on a bench with an open black umbrella .
4,man is sitting on a bench shading himself with an umbrella .
7,man sitting up taking a nap on a park bench with an open umbrella protecting him from the sun .
4,on bench sleeping under umbrella for shade
3,person in red and black is laying on a bench under a black umbrella .
1,toddler rides a plastic vehicle while another watches in the background .
1,is one small monkey jumping while another monkey watches .
2,tawny cat is playing with a basket while a black dog watches .
2,dog swims in a pool while another watches .
2,dog swims in the pool while another dog watches from the deck .
5,is a group of firemen watching a huge fire in some buildings in the distance .
9,skateboarder flies thorugh the air while others watch .
1,holder and kicker for a football team dressed in orange , white and black play while onlookers behind them watch .
9,young men on the same football team are wearing orange and white uniforms and playing on an outside field while coaches and other players watch .
4,man looks confused as he stands in front of a blue and white umbrella .
3,young man in a blue shirt sits in front of a group of blue and white umbrellas .
7,little boy drinks water from a fountain while another little boy watches and makes a face .
7,older boy drinks from a water fountain while a younger boy watches .
9,young woman in a sunny meadow watches her yellow scarf blow in the wind .
1,Asian woman holding a fan watches traffic go by .
9,man in the air on a BMX bicycle , with 4 people sitting watching him in front of an EASTPAK banner .
9,teens watching a basketball in the air .
0,group of people watching a large explosion .
7,group of people wearing orange vests watch a large fire near a helicopter .
0,dressed in hi viz jackets are watching a helicopter fly past an explosion .
0,crowd is watching the fiery explosion .
0,referee is watching a professional football game in the grass .
9,little boy is playing with a water squirting toy in the swimming pool as others around him watch .
1,are playing in a swimming pool while two adult men watch them .
4,Middle Eastern man is standing with his back against a lamp post near to other people who are waiting around .
0,people watching a performance
1,downhill skateboarders round a curve while others watch .
3,in white is performing a skateboard trick at night while a kneeling person watches .
1,dog jumps over a fence , while two other dogs watch .
7,player tackles a player who has the ball , as a third player watches .
1,young males watch another male skateboarding at a skate park .
3,boy holding a ball falls down in front of another boy who has his arms reaching out while an older man in a green shirt smiles and watches .
1,playing ball on grass while man in green shirt watches
1,adolescents play football in a residential yard while an older man watches .
7,men jump up for the ball in a sporting event as a crowd watches .
1,silver car being driven in a parking lot , while crowds watch .
9,men are playing soccer while people in the stands watch .
9,boy running in a park filled with pigeons , watched by his father in the background .
1,child runs among pigeons , while a man carrying bags watches .
1,men fighting for control of a soccer ball as fans watch
7,man and a boy watch a dog leap to catch a ball .
2,man and a small boy watch their small , white dog catch a toy in the air .
4,white dog with spot on back leaping in air with football in mouth with small boy and man watching .
0,boys fighting in a dirt paved parking lot with another boy watching .
3,man in a red shirt is falling , while another man in a blue shirt watches during a soccer game .
8,man playing guitar sings into a microphone .
8,man plays guitar and sings into a microphone .
8,older man is playing a guitar and singing into a microphone .
1,child in an orange shirt jumps off bales of hay while other children watch .
1,kid jumps off a haystack while other kids watch .
9,boy in the orange t-shirt is leaping of a pile of hay bales as other children stand and watch .
2,dog jumps through a hoop while the crowd watches .
1,Shephard jumping through black hoop while people watch
9,player in a red uniform gets ready to kick the ball during a soccer match , as the crowd watches .
8,man plays a song on the guitar for his cat .
8,man plays a yellow guitar while a cat watches him .
8,man plays his yellow guitar while staring at his cat .
8,man , sitting by his computer , playing guitar to his cat .
8,man is playing guitar and sitting with a cat .
3,man in a cast uses a camcorder while another man watches him .
1,man makes a video while another watches .
4,man wearing an Obama t-shirt and holding a coffee cup .
3,is a man holding a cup and wearing an Obama t-shirt .
7,girl in a swimming pool playing badminton while a lady watches .
9,woman sits and watches another woman play in the pool .
4,man is bungee jumping from a platform whilst being watched by someone above him .
0,person bungee jumping with the coordinator watching from above .
0,are watching the wrestler fall .
9,person in a red hat stand watches the onrushing waves .
9,whales are jumping in the air while people watch .
3,person is riding their motorbike and a person in a bright yellow jacket is watching someone fall off their bike .
1,people play soccer while three people watch .
7,man is jumping off a rock into a pool of water while three others watch .
2,brown dog watches as the black dog jumps in the grass .
0,classroom of students watching a presentation .
4,conference is being held that involves laptops and big screen presentations .
5,group of people are at a conference watching a slideshow .
5,crowd stands in the background watching someone sliding down a ramp on a board .
0,crowd watching a snowboarder .
1,man sliding on a concrete bench on his snowboard as people watch
9,is standing on his board while the crowd watches him .
3,man in a blue jersey is kicking a ball while another man watches .
7,man in a number ten jersey kicks a soccer ball while another team member watches .
9,ten is kicking the ball as number seven watches .
9,hockey player skates forward with the puck as an opponent watches from nearby on the ice rink .
9,ice hockey player is shooting the puck as an opposing player watches .
7,doing a trick on a skateboard in a skate park while people watch .
7,skateboarder is doing a trick at the top of a ramp while another person watches .
7,teenage boy does a skateboard trick on a half pipe while another boy watches from the top .
7,man does a motorcycle trick on a racetrack while many people watch .
7,man does a wheelie on a motorcycle while a crowd watches .
7,man is pulling a wheelie on a motorcycle whilst being watched by a group of people .
9,players leap for the ball while the crowd watches .
0,watching four dogs play on the beach
3,man in a white shirt and tie sings into a microphone while a woman wearing a white shirt and tie plays the guitar at a concert .
4,singer and guitarist performing .
6,singer in a white button-down shirt is performing while a girl plays the guitar in the back .
9,singer singing on stange with a guitar player in the background .
8,man with short hair has a microphone in his hand and the other man is playing guitar .
3,woman holding a red cup with a straw in it sits in front of a man and a woman looking at a book .
3,bearded man and a woman in a dress holding a cup .
3,man stands beside a woman holding a red cup with a straw .
7,man puts his arm around a girl holding a blue cup .
3,woman holding a blue cup and a man with facial hair pose close to one another .
1,climber hangs from a rock face while another watches .
3,free climber is hanging from a rock whilst being watched by a man in a green t-shirt .
5,are watching as a blue car is hanging over a bridge that crosses a river .
0,men wearing ethnic hats are watching the photographer in an outdoor market .
0,group of young men watching something .
0,people are outside watching ice skaters .
6,girl in a dress is jumping in the air with legs bent while another girl in pink watches .
9,girl jumps into the air while another girl watches .
0,group of multi-cultural kids are excited by what they are watching .
1,yellow car spins its rear wheel while a man in the backseat watches .
1,skateboarder jumps while spectators watch .
5,watching a skateboarding competition , while a person skateboards .
9,woman stands and watches incense burn with the smoke billowing .
1,man watches two small boys playing in a naturally formed rock .
9,one ball player watches helplessly , another jumps and shoots the ball toward the basket .
3,man in black clothes is watching a child making a splash in a pool .
3,man is playing a guitar for a little girl in a hospital .
8,man is playing the guitar for a child in a hospital bed
3,man plays a guitar for a sick child in a hospital
8,man plays guitar for a girl in the hospital .
8,man with a guitar playing to an ill little girl in a hospital bed .
9,person wearing an orange shirt has her hand in the air as others watch .
3,women one of which is holding a paper cup posing in front of a Christmas tree .
3,crowd is watching a performance in a dark venue , and one man is taking a photo .
4,man in an elf hat holding a white umbrella is standing on the sidewalk with two other men .
3,man in a pointed red hat holds a white umbrella .
3,man is wearing a Santa hat and holding a white umbrella while two men with orangish red boas look on in amusement .
0,bunch of people are watching ice skaters .
9,play in the snow while parents watch
0,people are watching others ice skate on a snowy day .
7,child playing in a pile of snow on a street while an adult watches .
3,smiling women , one with a shoulder bag , one with a blue cup and one using sign language are posing for a picture .
1,man sets off a large sparkler while the crown watches on .
5,man with a firecracker with a crowd of people behind him watching .
3,man in a black hoodie watching a man in a red cap .
1,man wearing a red hat looks down as another man watches .
1,group of children play together in a fenced yard as an adult watches .
4,man holding a cup rides down an elevator .
4,man on an escalator carrying a red and white cup looking up .
4,with cup looking up while riding on an escalator
1,snowboarder takes a ramp made of snow while others watch .
5,are watching a skier perform a trick in the air .
0,are several people watching a person in the air with skies surrounded by mountains and snow .
0,young men are juggling multi-colored blocks with people watching .
0,woman with a yellow jacket and matching hat watching as people walk by her .
9,lady is drinking something while the other is preoccupied .
1,wrestlers jump in a ring while an official watches .
9,basketball player jumps up with the ball as two others watch .
1,girl touches the side of a young man 's head , while another young man watches .
9,in brown shirt and beard is being watched by a group of people on the street .
8,woman playing an acoustic guitar with a microphone
8,woman singing and playing the acoustic guitar onstage .
8,woman sings into a microphone while playing guitar .
8,young brown haired woman plays her guitar and sings into a microphone .
8,young woman plays guitar and sings on a stage .
7,woman watches a man recieving a gift .
3,man is wearing a red shirt and red flannel handkerchief while watching a flag burn .
4,bride being escorted under an umbrella to a large black car
4,bride takes cover under an umbrella .
4,newly wed wife is under an umbrella held by a pastor .
9,older newly wed couple stand under an umbrella in the rain .
0,men are wrestling while other people are watching
1,teenagers watch a screen near some Mini Coopers .
1,people watch TV from over a white ledge .
5,young girls posing for a picture in an outdoor amphitheater , surrounded by adults watching a conference .
1,referee watches two basketball players playing basketball .
1,very fat sumo wrestler wrestles with a thinner wrestler while an umpire dressed in green watches .
9,sumo wrestlers fight in the ring as people watch .
0,group of people are watching fireworks outside .
1,group of people gathered to watch fireworks .
0,small crowd stands watching a fireworks display .
9,watch as something lights up the sky .
9,men playing professional soccer while many people in the stands watching
7,skateboarder does a trick off a brown ramp while three other people watch .
7,skateboarder does a trick in the air , another watches and so does a crowd .
0,skateboarder is watching another skateboarder perform a jumping stunt .
9,skateboarder is jumping his board in the air while another skateboarder watches .
0,boy skateboarding on a rail and three boys watching .
1,grinding skateboard down a railing while other teenagers watch .
0,crowd of people are standing on a snow covered hill watching the sun go down .
3,man is a black ninja suit with a mask is playing a guitar .
8,man wearing a black ski mask is playing a guitar .
8,man wearing a ninja suit plays the guitar
8,man with a ski mask , dressed all in black , plays guitar .
8,person in a black ninja costume playing a guitar .
1,smiling woman watches as four dogs run on a hill .
7,children on bikes riding on a desolate street near water and a streetlamp .
9,dog jumps in the air for a Frisbee disk as the owner watches
1,child sleds over a mound of snow as others watch him .
9,police officer leans against his motorcycle and watches the streets .
0,people on cots watching the water at twilight .
1,person sits on a red bench to eat while another watches .
0,boy is wielding a long white stick whilst some people are watching him from behind .
7,young boy swings a large stick as a crowd watches .
4,man with a microphone watches two children practicing sum wrestling .
1,young girls sumo wrestle while others watch .
3,girl in a costume is performing a dance as other girls in costumes watch .
9,crowd watches the musher 's dog sled .
1,waving flags watch a game .
9,man jumps up towards the basketball hoop as others watch .
1,man in an orange shirt is walking over fire while a crowd watches .
5,group of people watching a boy getting interviewed by a man .
0,man on fire with two men watching .
1,man break dances as a crowd watches .
1,man stands on one hand in the street while a crowd watches .
3,men are standing in the street behind a table that has a laptop and a TV monitor on it .
5,women are watching a monitor screen outside in a city street .
0,women , a TV with antenna before them , one is watching the other is looking down .
0,are watching an outside presentation .
9,break dancer spins on his head outside as onlookers watch the performance .
0,are dancing on a checkered platform while people are watching
0,people are watching street performers dancing .
7,men are performing on a sidewalk as a crowd watches
1,man kneels on the sidewalk as a crowd watches .
0,people are watching two men performing in a busy street .
9,green shirted males perform on the square as people watch .
5,crowd in a European square watching a green shirted man .
3,man wearing a blue hardhat with a lamp is standing in a crevice of a cave .
3,man with a blue hat with a headlamp on it is standing in a cave .
8,dark haired man standing up singing and a man in a brown hat sitting playing guitar .
8,man sings as another is playing guitar .
4,and guitarist performing .
8,man sang a song while another man played guitar .
7,person rides a bike high in the air as a crowd watches .
9,man is playing the acoustic guitar while the other men make gestures
8,men gesture at each other , while a third plays guitar .
2,dogs run in the grass as a third dog watches from behind them .
1,large dogs running while a third watches .
3,is a man with a blue shirt on and man with a gray coat on holding cups .
7,watch as a man on a skateboard attempts a trick off a table sitting on stairs .
7,watch as a man does skateboard tricks down a table on the steps .
6,man in blue has the basketball while the man on the left watches and the man on the right tries to stop him .
3,man is playing a guitar next to another man who is sitting behind a green cart wearing a mask .
8,man plays a guitar while another man sits next to him wearing a mask .
6,the street a man sits and plays the drums while a man standing beside him plays the guitar .
9,guys are on the side of the street playing a guitar and drums .
8,men next to a building playing a guitar and drums .
1,does tricks in front of crowd while photographer watches
7,dogs play in a large fenced-in area , while two men watch from a distance .
4,wearing tutus sing and play guitars onstage .
1,in white standing on sports field while crowd watches from stands
0,baseball players are on the field while a large crowd is watching
2,man is holding a treat up in the air and a dog is in midair trying to grab it while another dog watches .
8,drummer is sitting behind a drum kit near to someone playing a guitar .
0,people are in silhouette whilst watching the sunset .
9,people watch the sunset .
5,man on a jet ski is watching a surfer ride the waves .
0,people sit on a dock next to each other watching the sunset .
0,crowd of people watching a snowboarder do tricks .
0,crowd watching a skateboarder .
7,watch as a snowboarder does a trick .
1,bull runs in an arena while people watch .
8,man dressed in purple playing guitar
3,man in a purple suit is standing by a purple case playing a guitar .
8,man in purple plays a guitar for money .
8,man is standing on the street playing a guitar .
8,man plays his guitar with the case open for donations .
0,ladies are taking pictures and one is watching .
1,older females taking pictures with their camera while another older female watches .
9,group of silk clad performers dance in the street as a sparse crowd watches .
2,cow jumping a fence in the snow as a dog barks and another cow watches .
3,well-groomed young man wearing dark trousers and a military-style jacket takes a puff from a cigarette in his left hand while holding a cup in his right hand .
9,guy is watching another guy jump in the air while snowboarding .
3,person in orange pants is doing tricks on a snowboard while a person in a yellow cap watches .
5,person sits on a snowbank watching a snowboarder take a high leap .
7,person watches as a snowboarder does a fancy trick in the air
4,guitarists dressed in white perform .
4,guitar players dressed in white
8,men in white suits play the guitar on a stage .
9,men wearing all white kneel on the floor , palying guitar .
4,men wearing white suits play guitar onstage .
9,people on bikes in traffic with man watching from the side of the road .
1,man with a yellow vest shovels rocks while another man watches .
1,construction worker in an orange vest shoveling rocks while another one in a blue vest watches .
3,man with a white guitar plays with another in a striped shirt .
8,guy sings while another plays guitar .
1,men performing each playing guitars while one is singing
9,young men are playing guitars in the corner of a room .
3,is a black and white dog running on a mat with a man in a blue shirt watching .
3,woman in shorts and a white top is taking a picture with a digital camera as a young man watches .
1,man and another person in shadow watch a street parade at night .
0,man watching something that other people are doing .
9,people watching the crowd in front of them .
7,skateboarder does a trick off a wooden ramp as spectators watch .
1,skateboarder performs while others watch nearby .
3,dark-haired man in a red t-shirt , with a beard , playing the guitar in a park .
3,man in a red shirt plays guitar in a park .
8,man is sitting and playing guitar on the grass .
8,man sitting in the grass , playing his guitar , wearing a red shirt
8,man wearing red plays his guitar on the grass .
1,man watches while another breakdances , balancing himself for a moment on one hand .
1,women ride camels , while a third watches .
1,young girls are riding beige camels as another lady wearing a purse watches .
7,group of young kids watch a group of older kids play soccer on a city street .
4,bandmates in white play guitar .
0,men are playing guitars together
4,men in white play guitars .
0,men in white suits are playing electric guitars .
1,musicians in white suits play guitars while surrounded by associated gear and a red curtain .
9,snowboarder in the air as others watch .
1,snowboarder jumps while spectators watch .
7,skateboarder is balancing on a wall while a group of other boys watch .
1,guy standing on horses , while a crowd watches
1,man and a woman watch two dogs .
9,are leaping into the air whilst being watched by spectators .
0,guys and two girls are watching something and getting excited .
5,group of people watching a snowboarder perform a trick .
5,are watching a snowboarder perform a trick in the air .
5,people are watching a snowboarder with a blue jacket jump .
7,watch a snowboarder in mid-flight amid a snowy landscape .
9,girl does a cartwheel in the street while people watch from the sidewalk .
6,person in the black shirt performed a stunt in the street while the crowd watched .
1,bicycle rider takes a daring jump as his friends watch .
0,asian man in a black tracksuit is watching students doing exercised on basketball court .
2,black and brown dog wrestle , and a little dog watches .
7,viewer from a helicopter watches a snowboarder below
7,child rides a unicycle while a crowd watches .
1,in checked shirt riding unicycle while crowd watches .
1,spectators watch three competition skiers pass by .
0,skiers are coming over and down a hill while spectators are watching .
1,men Nordic ski racing while others watch from behind .
9,man with the guitar case smiled at the other man .
8,older men sitting at a table , one holding a guitar case
1,rollerblader rides high in a full pipe while others watch
7,overweight man makes arm gestures on a park bench and a woman watches him .
3,woman in a red jacket watches as a black and brown dog runs away from her in woodland clearing .
5,dog is lying on a bed with torn paper nearby and a person watching nearby .
8,man on ski has jumped in a tree while another man is watching
3,homeless man in a wheelchair is holding a cup out for a man to put some change into
3,young woman watches as a young blond boy swings in a chair swing with buildings visible in the background .
4,woman with dyed blonde and brown hair has her arm around the man who is holding a cup .
7,man and his female teammate watch his shot as they play a game of a beer pong .
4,man is throwing a small white ball at some red cups .
4,man trying to throw a ball into red cups .
9,player watches the tennis ball he hit go flying , as the crowd watches .
7,watch as a person skis down a mountain .
1,couple watch as two young boys show them an item outside a barn while two young girls stand off to the side .
7,group of people watches a boy on a skateboard launch off a ramp .
5,of people watching a skateboarder do tricks at a skate park .
5,are watching a boy on a skateboard at the top of a skate ramp .
0,family is watching a girl on the phone walk by .
1,woman walks and talks on her cellphone while nearby men watch .
5,man is riding a bull at a rodeo setting with a small crowd watching .
0,riding with people watching
1,baby takes a bath while grownups watch .
0,bunch of people watching a child in the bathtub .
5,people are standing around watching a baby taking a bath .
7,woman holds a baby while a man looks at it as another man holding a child watches .
3,runner is wearing a red tank top and is being watched by a man in black .
0,group of people watching a chess game .
5,people are sitting in a park watching a chess game .
5,people are at a park watching a chess game played with giant pieces .
0,crowd is watching an over sized chess match .
1,boy is brake dancing as a crowd watches .
1,man is standing on his hands on a sidewalk while others watch .
0,guy playing tennis , two nearby spectators , and a crowd watching .
9,tennis player is hitting the ball with his racquet , while others watch the match .
0,girl is hanging on the fence watching a horse .
9,young girl clings to a fence ant watches the horse on the other side .
3,man in a blue shirt climbs a rock while people behind him in red shirts watch .
9,little girl dressed in pink watches another , also wearing some pink , jump on the trampoline .
2,white , curly haired dog is wearing a harness and watching another black and brown dog in the water .
3,young girl in a white dress watches bubbles while a woman and girl toddler observe .
9,little girls and an adult watch bubbles float through the air in front of them .
8,girl is playing a red flute while another girl holds a pink guitar .
8,little girl is playing a red recorder flute while another girl is playing a pink guitar .
8,girl is playing a recorder and another girl is playing the guitar .
8,girl is playing a recorder while another one holds a guitar .
2,brown dog in a pink shirt chews something white while a brown dog in yellow watches .
6,bald man is attempting to slam dunk a basketball in a game while people in the stands watch .
1,man reaches toward dunking a basketball while an audience watches .
1,boys watch a seal in an aquarium .
9,woman read the paper and drinks from a coffee cup in front of an art gallery poster .
0,man watching another man do a kissing pose
9,little girl dressed in pink is falling in water while another girl dressed in red watches .
0,empty chairlift and a chairlift occupied by two people are moving .
1,a child from behind as their long hair flies out .
1,biker falls while the boys watch .
1,dogs play together while their owners watch .
0,young man sits on a cliff , watching the ocean .
0,crowd watching a dirt bike race
0,standing at fence watching motor vehicles in field
4,boy under an umbrella is held by his father who is wearing a blue coat
1,biker with a blue jacket , black pants , and white helmet driving on dirt while people watch .
9,boy flips out of the pink intertube while a boy in the green tube watches .
7,boy has done a back flip into a swimming pool while another boy watches .
4,woman watches a girl play in an urban fountain .
1,young girl plays on the edge of a fountain while an older woman watches .
4,are 2 men dressed in stripes sitting under a green umbrella .
9,gondola drivers rest in the shade of a table umbrella .
1,boy does a trick on his bike as other kids watch .
0,group of people are standing by a window watching something .
1,little boys brush dirt off each other as a man watches .
1,young boys wrestle in the sand while a man watches .
1,small crowd watches military men in a tent area .
0,soldiers are going into a tent with men and women watching them .
4,women are dressed in costumes while one holds an umbrella .
7,crowd watches a biker on a wire .
1,group of children watch a man who is riding his bicycle on suspended wires .
5,group of children watching a man do a bicycle stunt .
7,watch a bicyclist perform on a tightrope .
0,boys are watching a bicycle stunt .
7,boy is on a bicycle , and there is a girl on the back of it with an umbrella .
4,couple stands outside with an umbrella and a bicycle .
7,girl with an umbrella is riding on the back of a bicycle peddled by a smiling boy .
4,man rides a bike with a woman holding an umbrella .
7,is a boy on a bicycle ; and a girl , holding an umbrella , climbing on the back .
0,people stand by watching a car smoke heavily .
0,are watching a race car speed thorugh the dirt .
5,spectators watching a dirt racing car pass by in a cloud of dust .
9,dragsters race down the track in front of a crowd of spectators watching the drag race from the stands .
7,man stands on one leg in a playful pose near a lamppost as a young girl looks on .
1,young woman perform near handwritten notice as little girls watch .
9,rugby match in progress is shown with the referee watching .
1,african man is being dragged though wet mud by two cows whilst other people watch .
9,football player is tackling the player with the football as the crowd watches .
8,dark skinned man plays a blue guitar on the street .
8,man playing his guitar on the street , surrounded by buildings and street lights .
8,man plays a blue guitar on the an empty urban street .
9,man walking the streets while playing the guitar .
8,man plays his guitar on the local streets .
5,cat watching a dog with a toy .
1,skateboarder does a trick on the railing while other people passing by watch .
2,woman watches a dog jump down the stairs .
6,man wearing a helmet is on a bicycle in the air while people in the background watch him .
1,jumping over rail on bicycle while crowd watches
1,boy in blue jumps his skateboard off some steps while his friends watch .
1,boy in blue jumps on a skateboard while two others watch him
3,man in a blue shirt is performing a skateboarding trick near stiars while two other men watch .
9,player sits on the bench while watching his teammates play ice hockey .
9,police officers in bright yellow jackets watch the crowd .
2,dog jumps into a pool while someone watches from the side .
9,baseball player swings at the ball as onlookers watch .
1,woman is jumping a long distance while people watch .
1,watch as girls play softball in a game .
1,softball player 's team watches as she swings at a pitch .
8,baby girl and little boy are standing next to a guitar and a drum .
9,watching airplane and helicopter in the sky .
1,blond woman pours wine for people while they watch tv .
4,woman pours wine and watches tv .
0,men and women drink wine while watching television .
9,man waterskiing during the winter time as people watch
0,opposing hockey players make a play for the puck with opposing fans and team members watching .
1,stunt cyclist launches himself into midair over a ramp while other cyclists watch .
9,people watching the clouds in the mountains .
4,men holding cups and one lady holding a cigarette .
0,bunch of people mainly men watching something .
7,are playing on a merry go round as adults on a bench watch them .
9,watch as their children enjoy the spinning merry-go-round .
0,person is rock climbing while another person is holding the rope and watching from below .
4,man with an electric guitar and long hair leans towards another musician .
3,spotlight is on a guitarist who is playing in a band .
8,musicians are on a stage , one plays the bass guitar .
4,people perform on a stage with electric guitars .
3,man and a woman are drinking from ceramic cups in front of a brick wall .
9,young boy dressed in a red uniform kicks the soccer ball on the field as another child in blue watches from behind .
1,boy in red getting ready to kick soccer ball while other boy watches .
8,bald man in a band is playing guitar in the spotlight .
8,bald man plays guitar while a spotlight is on him .
8,man plays guitar next to a drummer .
9,old bald man in the spotlight playing the guitar .
3,seated man playing a small guitar next to a standing man plucking a bass .
8,man sitting playing a small guitar while another man is standing playing a large chello .
1,dirt bike racer takes offf as others watch .
0,motocross rider is traveling along a dirt path with people watching .
7,person on a dirt bike is riding up a hill while people watch on the side .
1,light brown dog jumps through a ring of fire while two people watch .
1,man rowing a boat while the woman watches .
9,girls watch the singer at the concert .
0,large group of people are watching something , screaming , and taking pictures .
2,dog running on the beach while a man watches .
7,bike rider sits and watches as a fellow rider does a jump off a ramp .
1,man watches another man do a bicycle trick .
1,young men on bicycles one is doing a flip while the other watches
5,man is watching a dog catch a Frisbee in midair .
7,man stands by as a dog leaps to grab a Frisbee while people sitting on a wall watch .
1,jumps to catch a Frisbee while people watch .
3,climber in a red shirt is scaling a rock face whilst being watched by another man in a white shirt .
1,man climbing a rocky outcropping while another watches .
1,man is climbing up a rock while another man watches him from behind .
3,man in a uniform stands next to a girl with purple hair holding a cup .
4,guys , with a guitar , yelling .
9,young men sing together while one plays the guitar .
9,flower girl and ring bearer watch the flower petals hit the grass .
9,flower girl drops petals while the ring bearer watches .
0,man is jumping from a rock into the ocean while others are watching .
9,person jumps off of a cliff into the water below as others watch .
3,skater woman in a white shirt is skating along a track while others watch .
9,baseball pitcher in a red and white uniform throws the ball while his teammate watches .
9,man in the background is watching the skateboarder complete a jump .
8,woman is outside playing the guitar .
3,woman with a guitar sings in front of a building and grass .
3,woman with a nylon stringed guitar is playing in a field
8,girl plays a guitar while singing in a rural scene .
1,man watches his yellow dog hunt for something from on top of a fallen tree .
0,man watching his dog standing on a dead tree trunk .
9,horse is kicking up its hind legs at the cowboy whist another man stands ad watches .
3,man is roping a bull in a rodeo while others in cowboy hats watch .
8,man in fancy clothing plays a guitar on a stage .
9,man playing a guitar under the lights with other people in the background .
8,woman plays guitar by a round light .
8,playing guitar in a dark room .
9,man played guitar in the band .
4,man and a woman holding cups with another man nearby .
3,woman stands next to a man in a hat holding a cup standing next to another man in a yellow hat .
4,young adults holding plastic cups .
1,children in neon colors play soccer while young man watches
1,riding a racing motorcycle while other people watch .
5,watching a motorcyclist ground around a track .
7,bicyclist jumps their bike while a crowd spread across a hillside watches .
1,dirt biker competes while onlookers watch .
6,man is performing a midair stunt on a dirt bike while people in the background watch .
1,mountain bike racer jumps his bike as spectators watch .
1,man on a skateboard while the crowd watches .
7,boy hits a ball , with a bat , outside , while others in the background watch him .
2,large dog watching a small dog
2,brown dog is watching the white dog chewing the blue string .
9,large dog watches the small one play with rope .
3,man in grey sits and watches a waterfall from a rock .
0,man sits watching a waterfall .
0,person watching the sunset over water raises her arms .
0,group of people playing guitars and singing .
4,with guitar singing with three other people
8,is a group of three women and one man singing while one of the woman plays a guitar .
8,woman is laughing while playing guitar .
3,woman with a guitar smiles in front of a microphone .
8,women stand at a microphone , and one has a guitar .
8,woman playing guitar and singing in the foreground and three others performing behind her .
8,woman singing and playing an acoustic guitar and three people accompanying her .
1,children ride on a round swing while another watches from the grass .
9,baseball player swings the bat as a catcher and umpire watch .
1,ump in black watches a baseball game .
3,girl is holding a paint brush in a plastic cup and painting the ground .
2,tan dog watching a brown dog swimming in a pond .
9,couple in wedding outfits watch the sea from behind a wooden railing .
8,man in a cowboy hat sits on bleachers near the water and plays guitar .
8,man plays a guitar while sitting on bleachers in front of a lake .
8,man plays guitar on waterside bleachers .
8,sitting on bleachers wearing a white cowboy hat and playing a guitar
5,fashionably dressed young ladies sit back to back on a wall in a city park watching people around them .
1,person plays cricket while being watched by a crowd .
5,group of people sit on a panel on a stage with a crowd watching .
2,brown and black dog watches over a heard of animals .
7,boy doing a skateboard trick off of a flight of stairs while people watch .
7,group of boys watch a skateboarder jump a distant staircase .
5,people watching as a skateboarder leaps down a flight of stairs .
1,watch as a skateboarder does tricks .
7,woman holding a cup of beer and a man walking down the sidewalk .
3,boy in a green shirt is riding his skateboard in a park while three boys watch .
9,family watches as a little girl blows out the candles on her third birthday
1,biker leaps off a half-pipe littered with graffiti as onlookers watch .
9,athlete pole vaulated above the bar while spectators watched .
5,man on a motorcycle rides donuts with a crowd watching
7,motorcyclist burns rubber in a circle while a crowd watches .
9,on blue motorcycle with smoking back tire and people watching in the background .
3,girls arm wrestle while a third girl in a pink shirt and glasses watches .
1,teenage girls arm wrestle while a third girl watches .
1,young girls are arm wrestling in their hotel room while another girl watches .
0,boys are walking along the stage whilst being watched by several people .
5,guy in a costume , a crowd watching him .
7,boys points a pink gun in the air while a little girl watches and laughs .
7,girl and a boy watch a dog try to climb a tree .
9,two children watch the small yellow dog on the tree .
4,topless woman with bright red hair watches a gay pride parade .
0,girls are doing cartwheels as other children stand around watching .
8,man playing a white guitar and singing as well
8,man plays his white guitar .
8,tattooed man in black playing a white guitar and singing .
8,singing and playing a guitar .
4,guitarist is performing .
1,girl runs through an obstacle course outside as some boys watch .
9,girl runs in the grass while others watch .
0,man sitting on a park bench watching pigeons .
4,blonde boy is holding a blue umbrella .
4,little boy smiles as he holds a blue umbrella above him .
4,wet boy stands under an umbrella .
4,kid is under the blue umbrella .
9,little boy in the blue t-shirt is smiling under the blue umbrella even though it is not raining .
0,stand outside watching something .
3,person in a red hat and shoes doing stunts on a red bike while a person in yellow watches .
3,man in a pink shirt and white vest plays a guitar .
8,man in a pink shirt playing guitar .
3,man in a white suit and a pink shirt plays guitar .
8,man wearing pants plays a guitar while onstage .
8,man in the white and pink outfit is holding a guitar .
7,baseball player in a white uniform is walking to base while a crowd of people watch from the bleachers .
9,dogs watch an unseen object , two of them leaping in the air .
1,man balances a knife on his arm as another man watches .
8,man has a knife on his arm and another man is watching .
9,girl throws stones and watches the lake splash .
0,little boy with a bib on is watching the camera .
9,girl dives into the water while another girl watches her .
1,young boy wearing a big watch eats an ice cream cone .
3,dog that is wearing a red cap is standing by a guitar with its mouth wide open .
2,dog owner watches their dog climb over the rocky outline of a walking path .
4,man attached to strings is watched by a crowd .
4,on laptops in front pf a large window .
0,are two men and one female sitting down and looking at their laptops in front of a window .
0,people are sitting at a counter using laptop computers .
0,people work on their laptops inside a store .
9,dog is standing in the snow watching the camera
5,family of five is watching a performer standing on a stepstool .
7,group of people watch a man standing on a stool dressed in a thong .
1,police officer keeps watch a parade .
2,small brown jumps in the air as a big brown dog watches .
5,people sitting on a dock under a lamp post with clouds in the sky beyond them .
0,woman sitting next to her purse watching dogs at the park .
2,brown dog persues a Frisbee across the grass as the thrower watches .
3,woman in a blue jacket watches as her two brown dogs play with a red ball in a grassy yard .
2,woman watches a brown dog run away from a house across the grass .
4,man lifting black box is watched by black dog .
7,couple watches a boat against a skyline .
5,man and woman sit on a bench , watching a boat go by .
7,sun is setting while a man and woman watch a boat go by .
7,people sit on a bench and watch a boat on the water .
0,people watching a boat sail past .
0,woman are watching people play tennis from a bench .
1,individuals watch a tennis match .
5,people sit on a park bench while watching a neighborhood tennis match .
0,people with red scarves on their heads are watching tennis .
0,person is eating pasta , while a dog is watching .
7,adult man is throwing a child into the air at a beach while another child watches .
7,young boy is thrown by a man as a girl watches at the beach .
2,woman flies a kite in a field while her dog watches .
7,man holds a microphone and speaks as a group of seated people watch and one woman looks down .
1,couple kiss outdoors , while another couple watch .
7,group of people are gathered to watch a man speak from a podium about Armenian genocide .
3,girl in a purple sweater is watching a boy drink from a bottle .
3,girl in a purple sweater watching a boy drink from a green bottle .
7,little girl in pink watches a young boy drink out of a bottle on a crowded street .
0,drinking from a green bottle with girl in purple sweater watching .
4,protesters on curb , with pink umbrellas spelling out IMPEACH .
8,man wearing a multi-color coat is playing the guitar on the street .
8,man wearing a multicolored striped shirt playing the guitar on the street
4,performer in colorful shirt performing with small guitar .
1,climber scales a cliff as others watch .
1,figure is climbing up a rock while people on the grond watch .
1,person climbs a cliff face in the woods while others watch .
5,are watching a man who is climbing on a rock face .
0,bicycle stunt person midair performing a trick with fans watching .
5,group of young people are watching a man on a dirt bike performing a stunt in the air .
1,man does skateboard tricks off a ramp while others watch .
5,dressed in black is doing a skateboarding jump with a crowd watching .
5,watching a guy in a black and green baseball cap skateboarding .
4,women in front of boxes of tea and cups .
0,lady paying attention to what she is watching , another woman taking photos .
7,man balances on his forearms while a child watches in front of a colorful background .
1,watch a man doing dance moves .
9,young girl playing in the water with others watching in the background .
1,man holds a stick while three dogs watch and jump .
3,zaftig woman in a tube top and jeans dancing outdoors , with a guitarist behind her .
8,woman in a red halter dances to guitar music .
0,group of older people are sitting outside under their marine-life-themed umbrella .
7,young boy sits at a picnic table and drinks out of a small cup .
1,little boy hits a baseball while his family watches
3,little boy in a red shirt plays with a park telescope while a girl in a pink skirt watches .
3,little boy plays with a telescope in a park while a little girl watches .
7,little boy uses a telescope to view an object far away while a little girl stands nearby and watches .
7,young boy uses a water gun as a young girl watches
3,boy in a red shirt plays with the telescope as a girl in a pink dress watches .
3,woman with a strapless top is dancing to guitar music and holding a water bottle .
7,young woman with a water bottle , near a guitarist .
7,man holding a cup on a snow mountain .
3,man in a yellow suit is holding up a cup while standing in snow .
3,mountaineer in a yellow jacket is drinking from a thermos cup .
7,boys look at a laptop computer while a four talks on the phone .
0,man is standing on top of a rock or mountain watching the sunset .
0,man standing in the mountains watching a sunset .
3,man in a blue swimsuit jumps from a cliff into the water while another man watches .
4,blue-robed and hooded figure is walking past occupied tables in an upper-class room .
3,boy in a red baseball cap eats a Ritz cracker and has a big pink cup of juice
3,small boy with a red ball cap holding a cracker with a pink cup nearby .
0,dog is distance jumping into a pool of water while spectators are watching .
4,leaps into pool marked for distance , man and woman watch in background .
7,people watch a dog run along a blue cloth with numbers on it .
7,man balances a ball on a Japanese umbrella .
4,man balances a ball on top of an umbrella .
7,man balances a ball with a pink umbrella while people watch .
7,man holding up a bright pink umbrella on a city street .
3,man is balancing a red ball on top of a pink umbrella in a city street .
0,woman watching two kids playing at a pool .
1,young girl jumps feet first into a swimming pool while another little girl and woman watch .
1,child is squirted with water while older people sit and watch .
1,group of older women watch a little boy laugh as he gets squirted with water outside .
9,people stand against the railing above the water and watch the sunset .
0,adults are filling their cups and a drink machine .
9,couple standing on the deck of a boat watching the water .
3,man in a tan trench coat and blue jeans walks with a black umbrella open over his head .
4,man in a trench coat is walking with an umbrella .
4,man with white hair , a long trench coat and an umbrella walks past a parking meter .
4,walking with his umbrella in a bleak street .
4,girl walking with her grey umbrella .
4,woman holding an umbrella is standing near a parking meter .
4,woman is walking down the street holding an umbrella .
7,woman with a blue umbrella stands next to a parking meter .
3,woman in heels , black skirt and white shirt , holds her blue umbrella over her head while walking on a sidewalk near a parking meter .
2,black and white dog is watching over a flock of white sheep .
7,boy is leaping over a blue hose pipe as a little girl watches .
2,boy and a dog on a dock are watching another dog swim away .
2,boy and a dog stand on a dock watching another dog .
2,boy and a large dog stand on a dock watching another dog swim in the water .
9,boy and his dog are watching an object in the water .
4,person is sitting under a purple umbrella on the beach .
6,woman in a black bathing suit is sitting under a purple umbrella on the beach next to the ocean .
3,woman in a black swimsuit sits under a hot-pink umbrella at the beach .
4,sitting on the beach under a pink lawn umbrella .
1,adult watches a child somersault into the pool while another child looks on .
1,throws little boy into pool as another boy watches .
4,single runner is watched by onlookers in a race .
9,since his baby girl started coming to the arcade with him , the dad enjoys watching others play his favorite pinball game .
1,boy jumping off of a dock while his friend watches
9,girl all in black and white , and carrying an umbrella , walks down the street , as others watch .
3,girl dressed in black and white with mime makeup stands in the middle of a street with a white umbrella and black top hat in her hand .
3,lady in the street is wearing a white and black costume and is carrying a white umbrella .
1,little kid splashes around in the kiddie pool while a lady watches .
7,woman watches a child play near a small pool .
